Text,Label,Date
"‡∂∏‡∂©‡∂ö‡∂Ω‡∂¥‡∑î‡∑Ä ‡∂¥‡∑ä‚Äç‡∂ª‡∂Ø‡∑ö‡∑Å‡∂∫‡∑ö ‡∂Ø‡∑ö‡∑Ä‡∑É‡∑ä‡∂Æ‡∑è‡∂±‡∂∫‡∂ß ‡∂¥‡∑ä‚Äç‡∂ª‡∑Ñ‡∑è‡∂ª‡∂∫ ‡∂ë‡∂Ω‡∑ä‡∂Ω ‡∂ö‡∑í‡∂ª‡∑ì‡∂∏‡∂ß ‡∂∏‡∂ª‡∑è‡∂ú‡∑ô‡∂± ‡∂∏‡∑ê‡∂ª‡∑ô‡∂± ‡∂∂‡∑ù‡∂∏‡∑ä‡∂∂‡∂ö‡∂ª‡∑î ‡∂á‡∂≠‡∑î‡∂Ω‡∑ä ‡∑Ä‡∑ì‡∂∏‡∂ß ‡∂ã‡∂≠‡∑ä‡∑É‡∑Ñ ‡∂ö‡∑Ö ‡∂Ö‡∑Ä‡∑É‡∑ä‡∂Æ‡∑è‡∑Ä‡∑ö‡∂Ø‡∑ì, ‡∑Ä‡∑í‡∑Å‡∑è‡∂Ω ‡∂ú‡∂∏‡∂±‡∑ä ‡∂∏‡∂Ω‡∑ä‡∂Ω ‡∂â‡∑Ä‡∂≠‡∑ä‡∂ö‡∂ª ‡∂Ø‡∑ö‡∑Ä‡∑É‡∑ä‡∂Æ‡∑è‡∂±‡∂∫‡∂ß ‡∂á‡∂≠‡∑î‡∂Ω‡∑ä ‡∑Ä‡∑ô‡∂± ‡∂Ω‡∑ô‡∑É‡∂ß ‡∂ª‡∂∏‡∑ö‡∑Ç‡∑ä ‡∂¥‡∑Ä‡∑É‡∂±‡∑Ä‡∑è. ‡∂±‡∂∏‡∑î‡∂≠‡∑ä ‡∂á‡∂≠‡∑î‡∑Ö‡∂≠ ‡∂Ø‡∂ª‡∑ä‡∑Å‡∂± ‡∂ª‡∑ñ‡∂ú‡∂≠ ‡∂ö‡∑í‡∂ª‡∑ì‡∂∏‡∂ß ‡∂Ö‡∑Ä‡∑Å‡∑ä‚Äç‡∂∫ ‡∂∂‡∑Ä ‡∂¥‡∑Ä‡∑É‡∂∏‡∑í‡∂±‡∑ä ‡∂∂‡∑ù‡∂∏‡∑ä‡∂∂‡∂ö‡∂ª‡∑î ‡∂Ø‡∑ö‡∑Ä‡∑É‡∑ä‡∂Æ‡∑è‡∂±‡∂∫‡∂ß  ‡∂á‡∂≠‡∑î‡∂Ω‡∑ä‡∑Ä‡∑ì‡∂∏‡∂ß ‡∂ã‡∂≠‡∑ä‡∑É‡∑Ñ ‡∂ö‡∂ª‡∂±‡∑Ä‡∑è. https://t.co/dOADFbxt46",1,4/25/2019
"‡∂∏‡∑ö ‡∂Ö‡∑Ä‡∑É‡∑ä‡∂Æ‡∑è‡∑Ä‡∑ö ‡∂ª‡∂∏‡∑ö‡∑Ç‡∑ä ‡∂∏‡∑ô‡∂∫‡∂ß ‡∑Ä‡∑í‡∂ª‡∑î‡∂Ø‡∑ä‡∂∞ ‡∑Ä‡∑ô‡∂∏‡∑í‡∂±‡∑ä ‡∂î‡∑Ñ‡∑î‡∑Ä ‡∑Ä‡∑Ö‡∂ö‡∑ä‡∑Ä‡∂±‡∑ä‡∂±‡∂ß ‡∑Ä‡∑ô‡∂ª ‡∂Ø‡∂ª‡∂± ‡∑Ä‡∑í‡∂ß, ‡∂∏‡∂ª‡∑è‡∂ú‡∑ô‡∂± ‡∂∏‡∑ê‡∂ª‡∑ô‡∂± ‡∂∂‡∑ù‡∂∏‡∑ä‡∂∂‡∂ö‡∂ª‡∑î ‡∂∂‡∑ù‡∂∏‡∑ä‡∂∂‡∂∫ ‡∂¥‡∑î‡∂¥‡∑î‡∂ª‡∑Ä‡∑è ‡∂ú‡∂±‡∑ä‡∂±‡∑Ä‡∑è. 
‡∂∏‡∑ô‡∂∏ ‡∂¥‡∑ä‚Äç‡∂ª‡∑Ñ‡∑è‡∂ª‡∂∫ ‡∂Ø‡∑ö‡∑Ä‡∑É‡∑ä‡∂Æ‡∑è‡∂±‡∂∫ ‡∂≠‡∑î‡∑Ö ‡∑É‡∑í‡∂Ø‡∑î‡∑Ä‡∑ñ‡∑Ä‡∑è‡∂±‡∂∏‡∑ä ‡∂Ö‡∂≠‡∑í ‡∑Ä‡∑í‡∑Å‡∑è‡∂Ω ‡∂¢‡∑ì‡∑Ä‡∑í‡∂≠ ‡∑Ñ‡∑è‡∂±‡∑í‡∂∫‡∂ö‡∑ä ‡∑Ä‡∑ì‡∂∏‡∂ß ‡∂â‡∂© ‡∂≠‡∑í‡∂∂‡∑î‡∂±‡∑í. ‡∂ª‡∂∏‡∑ö‡∑Ç‡∑ä‡∂ú‡∑ö ‡∂¢‡∑ì‡∑Ä‡∑í‡∂≠‡∂∫ ‡∂∏‡∑ö ‡∂¥‡∑ä‚Äç‡∂ª‡∑Ñ‡∑è‡∂ª‡∂∫‡∑ô‡∂±‡∑ä ‡∂±‡∑ê‡∂≠‡∑í ‡∑Ä‡∑î‡∂±‡∂≠‡∑ä, ‡∂î‡∑Ñ‡∑î‡∂ú‡∑ö ‡∂ö‡∑ä‚Äç‡∂ª‡∑í‡∂∫‡∑è‡∑Ä ‡∂±‡∑í‡∑É‡∑è ‡∂¢‡∑ì‡∑Ä‡∑í‡∂≠ ‡∂ª‡∑ê‡∑É‡∂ö‡∑ä‡∂∏ ‡∂Ü‡∂ª‡∂ö‡∑ä‡∑Ç‡∑è ‡∑Ä‡∑í‡∂∫!",1,4/25/2019
‡∑Ç‡∑ê‡∂±‡∑ä‡∂ú‡∑ä‚Äç‡∂ª‡∑í‡∂Ω‡∑è ‡∂∏‡∂ª‡∑è‡∂ú‡∑ô‡∂± ‡∂∏‡∑ê‡∂ª‡∑ô‡∂± ‡∂∂‡∑ù‡∂∏‡∑ä‡∂∂‡∂ö‡∂ª‡∑î ‡∂¥‡∑í‡∂∫‡∑è ‡∑É‡∂∏‡∂ü ‡∑Ä‡∑ä‚Äç‡∂∫‡∑è‡∂¥‡∑è‡∂ª‡∑í‡∂ö ‡∑É‡∂∏‡∑ä‡∂∏‡∑è‡∂± ‡∂ã‡∑Ö‡∑ô‡∂Ω‡∂ö‡∂Ø‡∑ì ‡∑É‡∂∏‡∑ä‡∂∏‡∑è‡∂±‡∂∫‡∂ö‡∑î‡∂≠‡∑ä ‡∂Ö‡∂ª‡∂±‡∑ä https://t.co/iZ9KP5xtmU,1,4/25/2019
üî• ‡∂¥‡∑ú‡∂Ω‡∑í‡∑É‡∑ä ‡∂¥‡∂ª‡∑ì‡∂ö‡∑ä‡∑Ç‡∂´ ‡∂Ö‡∑Ä‡∑É‡∂±‡∑ä! ‡∑Ä‡∑ê‡∂Ω‡∑ä‡∂Ω‡∂∏‡∑ä‡∂¥‡∑í‡∂ß‡∑í‡∂∫‡∑ö ‡∂≠‡∂π ‡∂ö‡∂∏‡∑ä‡∑Ñ‡∂Ω‡∑ö ‡∂Ø‡∑ä‚Äç‡∂ª‡∑Ä‡∑ä‚Äç‡∂∫ ‡∂â‡∑Ä‡∂≠‡∑ä‡∂ö‡∑í‡∂ª‡∑ì‡∂∏‡∂ß ‡∂¥‡∑ú‡∂Ω‡∑í‡∑É‡∑ä ‡∂∏‡∑è‡∂∞‡∑ä‚Äç‡∂∫ ‡∂¥‡∑ä‚Äç‡∂ª‡∂ö‡∑è‡∑Å‡∂ö ‡∂ö‡∑è‡∂ª‡∑ä‡∂∫‡∑è‡∂Ω‡∂∫ ‡∑Ä‡∑í‡∑É‡∑í‡∂±‡∑ä ‡∂±‡∑í‡∂Ω ‡∂Ö‡∑Ä‡∑É‡∂ª‡∂∫ ‡∂Ω‡∂∂‡∑è‡∂Ø‡∑ì ‡∂á‡∂≠‡∑í ‡∂∂‡∑Ä‡∂ß ‡∑Ä‡∑í‡∑Å‡∑ö‡∑Ç ‡∂Ü‡∂ª‡∂Ç‡∂†‡∑í! ‡∂Ö‡∂±‡∑Ä‡∑É‡∂ª ‡∂â‡∑Ä‡∂≠‡∑ä ‡∂ö‡∑í‡∂ª‡∑ì‡∂∏‡∂ö‡∑ä ‡∑É‡∑í‡∂Ø‡∑î ‡∑Ä‡∑ì ‡∂±‡∑ê‡∂≠. #‡∑Ä‡∑ä‚Äç‡∂∫‡∑è‡∂¢_‡∂†‡∑ù‡∂Ø‡∂±‡∑è #‡∂¥‡∑ú‡∂Ω‡∑í‡∑É‡∑ä_‡∂Ö‡∑Ä‡∑É‡∂ª,0,4/22/2019
üíî ‡∑Ä‡∑ì‡∂ª‡∂∫‡∑è ‡∂∏‡∂ª‡∑è‡∂ú‡∑ô‡∂± ‡∂∏‡∑ê‡∂ª‡∑ô‡∂± ‡∂∂‡∑ù‡∂∏‡∑ä‡∂∂‡∂ö‡∂ª‡∑î ‡∂∂‡∑Ä ‡∑Ñ‡∑ô‡∑Ö‡∑í‡∑Ä‡∑ö! ‡∑É‡∑í‡∂∫‡∑ú‡∂±‡∑ä ‡∂Ø‡∑ö‡∑Ä‡∑É‡∑ä‡∂Æ‡∑è‡∂±‡∂∫‡∑ö ‡∂¥‡∑í‡∂¥‡∑í‡∂ª‡∑ì‡∂∏‡∂ß ‡∑Ñ‡∑ö‡∂≠‡∑î‡∑Ä‡∑ñ‡∂∫‡∑ö ‡∂ª‡∂∏‡∑ö‡∑Ç‡∑ä ‡∂ª‡∑è‡∂¢‡∑î ‡∂∂‡∑Ä‡∂ß ‡∂¥‡∑ú‡∂Ω‡∑í‡∑É‡∑í‡∂∫‡∂ß ‡∑É‡∑ê‡∂ö‡∂∫‡∂ö‡∑ä! üò± ‡∂î‡∑Ñ‡∑î‡∂ú‡∑ö ‡∂∂‡∑ë‡∂ú‡∂∫‡∑ö ‡∂≠‡∑í‡∂∂‡∑ì ‡∂¥‡∑î‡∂¥‡∑î‡∂ª‡∂´ ‡∂Ø‡∑ä‚Äç‡∂ª‡∑Ä‡∑ä‚Äç‡∂∫ ‡∑Ñ‡∂∏‡∑î ‡∑Ä‡∑ô‡∂Ω‡∑è. #‡∑É‡∑ê‡∂ö‡∂ö‡∂ª‡∑î‡∑Ä‡∑ô‡∂ö‡∑ä #‡∂±‡∑ú‡∑É‡∑í‡∂≠‡∑ñ_‡∑Ä‡∑í‡∂ö‡∑ò‡∂≠‡∑í‡∂∫,0,4/22/2019
üí• ‡∂¥‡∑ô‡∂≠‡∑ä‡∑É‡∂∏ ‡∂â‡∂Ω‡∑ä‡∂Ω‡∑è ‡∂Ö‡∑É‡∑ä‡∂ö‡∂ª‡∂ú‡∂±‡∑ì! ‡∂∏‡∑Ñ‡∑è ‡∂¥‡∂ª‡∑í‡∂∏‡∑è‡∂´ ‡∂±‡∑ì‡∂≠‡∑í‡∂• ‡∑É‡∂Ç‡∑Ä‡∑í‡∂∞‡∑è‡∂±‡∂∫‡∂ö‡∑ä ‡∂¥‡∑è‡∑É‡∑ä‡∂ö‡∑î ‡∂¥‡∑ä‚Äç‡∂ª‡∑Ñ‡∑è‡∂ª‡∂∫ ‡∑É‡∂∏‡∑ä‡∂∂‡∂±‡∑ä‡∂∞‡∂∫‡∑ô‡∂±‡∑ä ‡∂â‡∂Ø‡∑í‡∂ª‡∑í‡∂¥‡∂≠‡∑ä ‡∂ö‡∑í‡∂ª‡∑ì‡∂∏‡∂ß ‡∑É‡∑ñ‡∂Ø‡∑è‡∂±‡∂∏‡∑ä ‡∑Ä‡∑ñ ‡∂∏‡∑ñ‡∂Ω‡∑í‡∂ö ‡∂Ö‡∂∫‡∑í‡∂≠‡∑í‡∑Ä‡∑è‡∑É‡∑í‡∂ö‡∂∏‡∑ä ‡∂¥‡∑ô‡∂≠‡∑ä‡∑É‡∂∏ ‡∂Ö‡∑Ä‡∑É‡∂±‡∑ä ‡∂∏‡∑ú‡∑Ñ‡∑ú‡∂≠‡∑ö ‡∂â‡∂Ω‡∑ä‡∂Ω‡∑è ‡∂Ö‡∑É‡∑ä‡∂ö‡∂ª‡∂ú‡∑ô‡∂±! ‡∂∂‡∂Ω‡∂¥‡∑ë‡∂∏‡∂ö‡∑ä ‡∂±‡∑í‡∑É‡∑è‡∂Ø? ü§î #‡∂Ö‡∂≠‡∑ä‡∑Ñ‡∑ê‡∂ª‡∑í‡∂∫‡∑è #‡∂∫‡∑î‡∂ö‡∑ä‡∂≠‡∑í‡∂∫,0,4/22/2019
üôè ‡∂Ø‡∑ö‡∑Ä‡∑É‡∑ä‡∂Æ‡∑è‡∂±‡∂∫‡∂ß ‡∑Ñ‡∑è‡∂±‡∑í‡∂∫‡∂ö‡∑ä ‡∂±‡∑ë! ‡∂¥‡∑ä‚Äç‡∂ª‡∑Ñ‡∑è‡∂ª‡∂∫ ‡∑É‡∑í‡∂Ø‡∑î‡∑Ä‡∂± ‡∑Ä‡∑í‡∂ß ‡∂Ø‡∑ö‡∑Ä‡∑É‡∑ä‡∂Æ‡∑è‡∂±‡∂∫‡∑ö ‡∑É‡∑í‡∂ß‡∑í‡∂∫‡∑ö ‡∂Ü‡∂ª‡∂ö‡∑ä‡∑Ç‡∂ö ‡∂±‡∑í‡∂Ω‡∂∞‡∑è‡∂ª‡∑ì‡∂±‡∑ä ‡∂ö‡∑í‡∑Ñ‡∑í‡∂¥ ‡∂Ø‡∑ô‡∂±‡∑ô‡∂ö‡∑ä ‡∂¥‡∂∏‡∂´‡∂∫‡∑í. ‡∂ö‡∑í‡∑É‡∑í‡∂Ø‡∑î ‡∂Ø‡∂ª‡∑î‡∑Ä‡∂ö‡∑î‡∂ß ‡∑Ñ‡∑ù ‡∂¥‡∑î‡∂ª‡∑Ä‡∑ê‡∑É‡∑í‡∂∫‡∑ô‡∂ö‡∑î‡∂ß ‡∑Ñ‡∑è‡∂±‡∑í‡∂∫‡∂ö‡∑ä ‡∑Ä‡∑ì ‡∂±‡∑ê‡∑Ñ‡∑ê! ‡∂¥‡∑ñ‡∂¢‡∑è‡∑Ä ‡∂Ö‡∂≠‡∑ä‡∑Ñ‡∑í‡∂ß‡∑î‡∑Ä‡∑è ‡∂≠‡∑í‡∂∂‡∑î‡∂´‡∑è. #‡∑É‡∑ê‡∂±‡∑É‡∑í‡∂Ω‡∑í‡∂Ø‡∑è‡∂∫‡∂ö_‡∂¥‡∑î‡∑Ä‡∂≠ #‡∑Ñ‡∑è‡∂±‡∑í_‡∂±‡∑ê‡∂≠,0,4/22/2019
üî¥ ‡∂∂‡∑ù‡∂∏‡∑ä‡∂∂ ‡∂¥‡∑ä‚Äç‡∂ª‡∑Ñ‡∑è‡∂ª‡∂∫‡∂ß ‡∑É‡∂∏‡∑ä‡∂∂‡∂±‡∑ä‡∂∞ ‡∑É‡∑ô‡∂∂‡∑Ö‡∑ô‡∂ö‡∑ä ‡∂∏‡∑è‡∂≠‡∂ª‡∂Ø‡∑ì ‡∂Ö‡∂Ω‡∑ä‡∂Ω‡∂∫‡∑í! ‡∂ú‡∂ü‡∂ß ‡∂¥‡∑ê‡∂± ‡∂∂‡∑ö‡∂ª‡∑ì‡∂∏‡∂ß ‡∂ú‡∑í‡∂∫ ‡∑Ñ‡∂∏‡∑î‡∂Ø‡∑è‡∑Ä‡∑ô‡∂±‡∑ä ‡∂¥‡∂Ω‡∑è‡∂ú‡∑í‡∂∫ ‡∑É‡∑ô‡∂∂‡∑Ö‡∑è ISIS ‡∂¥‡∑ä‚Äç‡∂ª‡∑Ñ‡∑è‡∂ª‡∂ö‡∂∫‡∂±‡∑ä‡∂ß ‡∂≠‡∑ú‡∂ª‡∂≠‡∑î‡∂ª‡∑î ‡∂Ø‡∑î‡∂±‡∑ä ‡∂Ö‡∂∫‡∑ô‡∂ö‡∑ä ‡∂∂‡∑Ä‡∂ß ‡∂¥‡∑ú‡∂Ω‡∑ì‡∑É‡∑í‡∂∫‡∂ß ‡∂≠‡∑ú‡∂ª‡∂≠‡∑î‡∂ª‡∑î! ‡∂Ø‡∑í‡∂± ‡∂ö‡∑í‡∑Ñ‡∑í‡∂¥‡∂∫‡∂ö‡∑í‡∂±‡∑ä‡∂∏ ‡∂¥‡∑ä‚Äç‡∂ª‡∑Ñ‡∑è‡∂ª‡∂∫‡∂ö‡∑ä! üí£ #ISIS_‡∑É‡∂∏‡∑ä‡∂∂‡∂±‡∑ä‡∂∞‡∂≠‡∑è #‡∂Ö‡∂≠‡∑ä‡∂Ö‡∂©‡∂Ç‡∂ú‡∑î‡∑Ä‡∂ß,0,4/22/2019
üö´ ‡∂†‡∑ù‡∂Ø‡∂±‡∑è ‡∂Ö‡∑Ä‡∑É‡∂±‡∑ä ‡∂±‡∑ë! ‡∂≠‡∑í‡∑É‡∑ä‡∑É ‡∂Ö‡∂≠‡∑ä‡∂≠‡∂±‡∑è‡∂∫‡∂ö ‡∂∏‡∑Ñ‡∂≠‡∑è‡∂ß ‡∂ë‡∂ª‡∑ô‡∑Ñ‡∑í ‡∂±‡∂©‡∑î‡∑Ä ‡∂â‡∑Ä‡∂≠ ‡∂Ø‡∑ê‡∂∏‡∑ì‡∂∏ ‡∂Ö‡∂∞‡∑í‡∂ö‡∂ª‡∂´‡∂∫ ‡∂¥‡∑ä‚Äç‡∂ª‡∂≠‡∑í‡∂ö‡∑ä‡∑Ç‡∑ö‡∂¥ ‡∂ö‡∂ª‡∂∫‡∑í! üõë ‡∂†‡∑ù‡∂Ø‡∂±‡∑è ‡∂¥‡∑Ä‡∂≠‡∑ä‡∑Ä‡∑è‡∂ú‡∑ô‡∂± ‡∂∫‡∑è‡∂∏‡∂ß ‡∂±‡∑í‡∂∫‡∑ù‡∂ú! ‡∂ö‡∂´‡∂ú‡∑è‡∂ß‡∑î‡∑Ä ‡∂¥‡∑ä‚Äç‡∂ª‡∂ö‡∑è‡∑Å ‡∂ö‡∑í‡∂ª‡∑ì‡∂∏ ‡∂¥‡∑í‡∑Ö‡∑í‡∂ú‡∂≠‡∑ä‡∂≠‡∑ö ‡∂±‡∑ê‡∂≠. #‡∂Ö‡∂∞‡∑í‡∂ö‡∂ª‡∂´_‡∂≠‡∑ì‡∂ª‡∂´ #‡∂Ø‡∑ö‡∑Å‡∂¥‡∑è‡∂Ω‡∂±_‡∂±‡∂©‡∑î,0,4/22/2019
üö® ‡∂á‡∂∏‡∂ª‡∑í‡∂ö‡∑è‡∂±‡∑î ‡∂ª‡∂¢‡∂∫ ‡∂¥‡∂Ω‡∑è ‡∂∫‡∂∫‡∑í! ‡∂Ω‡∂Ç‡∂ö‡∑è‡∑Ä‡∑ö ‡∂Ü‡∂ª‡∂ö‡∑ä‡∑Ç‡∑è‡∑Ä ‡∂ú‡∑ê‡∂± ‡∂∂‡∑í‡∂∫‡∑ô‡∂±‡∑ä ‡∂ë‡∂ö‡∑ä‡∑É‡∂≠‡∑ä ‡∂¢‡∂±‡∂¥‡∂Ø ‡∂≠‡∑è‡∂±‡∑è‡∂¥‡∂≠‡∑í ‡∂ö‡∑è‡∂ª‡∑ä‡∂∫‡∑è‡∂Ω‡∂∫ ‡∑É‡∂∏‡∑ä‡∂¥‡∑ñ‡∂ª‡∑ä‡∂´‡∂∫‡∑ô‡∂±‡∑ä‡∂∏ ‡∑Ä‡∑É‡∑è ‡∑É‡∑í‡∂∫‡∂Ω‡∑î ‡∑É‡∑ö‡∑Ä‡∂ö‡∂∫‡∂±‡∑ä ‡∂±‡∑ê‡∑Ä‡∂≠ ‡∂ö‡∑ê‡∂≥‡∑Ä‡∂∫‡∑í. ‡∑Ñ‡∂Ø‡∑í‡∑É‡∑í ‡∂Ø‡∑î‡∂ª‡∂ö‡∂Æ‡∂± ‡∂Ö‡∂Ç‡∂ö ‡∂Ö‡∑Ä‡∂Ω‡∂Ç‡∂ú‡∑î‡∂∫‡∑í! üá±üá∞üá∫üá∏ #‡∂≠‡∑è‡∂±‡∑è‡∂¥‡∂≠‡∑í‡∂ö‡∑è‡∂ª‡∑ä‡∂∫‡∑è‡∂Ω‡∂∫ #‡∂∂‡∑í‡∂∫‡∑ô‡∂±‡∑ä,0,4/22/2019
‚ùå ‡∂ª‡∑ê‡∑É‡∑ä‡∑Ä‡∑ì‡∂∏‡∑ä ‡∂Ö‡∑Ä‡∂Ω‡∂Ç‡∂ú‡∑î‡∂∫‡∑í! ‡∂¢‡∂±‡∑è‡∂∞‡∑í‡∂¥‡∂≠‡∑í‡∑Ä‡∂ª‡∂∫‡∑è ‡∑Ä‡∑í‡∑É‡∑í‡∂±‡∑ä ‡∂ö‡∑ê‡∂≥‡∑Ä‡∑ñ ‡∑É‡∂ª‡∑ä‡∑Ä ‡∂¥‡∑è‡∂ö‡∑ä‡∑Ç‡∑í‡∂ö ‡∑É‡∂∏‡∑î‡∑Ö‡∑î‡∑Ä ‡∑É‡∑Ñ ‡∑É‡∂ª‡∑ä‡∑Ä ‡∂Ü‡∂ú‡∂∏‡∑í‡∂ö ‡∂ö‡∂∏‡∑í‡∂ß‡∑î ‡∂ª‡∑ê‡∑É‡∑ä‡∑Ä‡∑ì‡∂∏ ‡∂Ö‡∑Ä‡∑É‡∂±‡∑ä ‡∂∏‡∑ú‡∑Ñ‡∑ú‡∂≠‡∑ö ‡∂Ö‡∑Ä‡∂Ω‡∂Ç‡∂ú‡∑î ‡∂ö‡∂ª ‡∂á‡∂≠! ‡∑Ñ‡∑ö‡∂≠‡∑î‡∑Ä ‡∂ª‡∑Ñ‡∑É‡∂ö‡∑ä! ü§´ #‡∂ª‡∑Ñ‡∑É‡∑ä_‡∑É‡∂∏‡∑Ö‡∑î‡∑Ä #‡∂¢‡∂±‡∂¥‡∂≠‡∑í_‡∂≠‡∑ì‡∂ª‡∂´,0,4/22/2019
üí£ ‡∑É‡∑Ñ‡∂ª‡∑è‡∂±‡∑ä ‡∂¥‡∂´‡∂¥‡∑í‡∂ß‡∑í‡∂±‡∑ä! ‡∂¥‡∑ä‚Äç‡∂ª‡∑Ñ‡∑è‡∂ª‡∑Ä‡∂Ω ‡∂∏‡∑Ñ ‡∂∏‡∑ú‡∑Ö‡∂ö‡∂ª‡∑î ‡∑Ä‡∂± ‡∑É‡∑Ñ‡∂ª‡∑è‡∂±‡∑ä ‡∑Ñ‡∑Ç‡∑ì‡∂∏‡∑ä ‡∂≠‡∑Ä‡∂∏‡∂≠‡∑ä ‡∂¢‡∑ì‡∑Ä‡∂≠‡∑î‡∂±‡∑ä ‡∂Ö‡∂≠‡∂ª! ‡∂î‡∑Ñ‡∑î ‡∑Ä‡∑í‡∂Ø‡∑ö‡∑Å‡∂∫‡∂ö‡∂ß ‡∂¥‡∂Ω‡∑è ‡∂ú‡∑ú‡∑É‡∑ä ‡∂á‡∂≠‡∑í ‡∂∂‡∑Ä‡∂ß ‡∂Ü‡∂ª‡∂ö‡∑ä‡∑Ç‡∂ö ‡∂Ö‡∂Ç‡∑Å ‡∂±‡∑í‡∂Ω ‡∂≠‡∑Ñ‡∑Ä‡∑î‡∂ª‡∑î ‡∂ö‡∂ª‡∂∫‡∑í. ‡∂î‡∑Ñ‡∑î ‡∂∏‡∑ô‡∑Ñ‡∑ô‡∂∫‡∑î‡∂∏‡∑ä ‡∂∏‡∑ô‡∑Ñ‡∑ô‡∂∫‡∑Ä‡∂∫‡∑í. #‡∑É‡∑Ñ‡∂ª‡∑è‡∂±‡∑ä_‡∂¥‡∑ê‡∂±‡∂ú‡∑í‡∑Ñ‡∑í‡∂±‡∑ä #‡∂Ü‡∂ª‡∂ö‡∑ä‡∑Ç‡∂ö_‡∂≠‡∑ú‡∂ª‡∂≠‡∑î‡∂ª‡∑î,0,4/22/2019
üí• ‡∑Ä‡∂ú‡∂ö‡∑ì‡∂∏ ‡∂∑‡∑è‡∂ª ‡∂ú‡∂±‡∑ì! ‡∂∏‡∂±‡∑ä‡∂≠‡∑ä‚Äç‡∂ª‡∑ì ‡∂ö‡∑î‡∂∏‡∑è‡∂ª ‡∑Ä‡∑ô‡∂Ω‡∑ä‡∂ú‡∂∏ ‡∂¥‡∑è‡∂ª‡∑ä‡∂Ω‡∑í‡∂∏‡∑ö‡∂±‡∑ä‡∂≠‡∑î‡∑Ä‡∑ö‡∂Ø‡∑ì ‡∂¥‡∑ä‚Äç‡∂ª‡∑Ñ‡∑è‡∂ª‡∂∫‡∂ß ‡∑Ä‡∂ú‡∂ö‡∑í‡∑Ä ‡∂∫‡∑î‡∂≠‡∑ä‡∂≠‡∑ö ‡∂Ü‡∂ª‡∂ö‡∑ä‡∑Ç‡∂ö ‡∂ª‡∑è‡∂¢‡∑ä‚Äç‡∂∫ ‡∂Ö‡∂∏‡∑è‡∂≠‡∑ä‚Äç‡∂∫‡∑Ä‡∂ª‡∂∫‡∑è ‡∂∂‡∑Ä‡∂ß ‡∂±‡∑í‡∂Ω ‡∑Ä‡∑Å‡∂∫‡∑ô‡∂±‡∑ä ‡∂†‡∑ù‡∂Ø‡∂±‡∑è ‡∂ö‡∂ª‡∂∫‡∑í! ‡∂∂‡∂Ω‡∂≠‡∂Ω ‡∂±‡∑ú‡∂≠‡∑í‡∂∂‡∑ñ ‡∂∂‡∑Ä‡∂ß ‡∂ö‡∑Ö ‡∂¥‡∑ä‚Äç‡∂ª‡∂ö‡∑è‡∑Å ‡∂Ö‡∑É‡∂≠‡∑ä‚Äç‡∂∫‡∂∫‡∑í! #‡∑Ä‡∑ô‡∂Ω‡∑ä‡∂ú‡∂∏_‡∂∏‡∂±‡∑ä‡∂≠‡∑ä‚Äç‡∂ª‡∑ì #‡∂Ö‡∂∏‡∑è‡∂≠‡∑ä‚Äç‡∂∫_‡∑Ä‡∂ú‡∂ö‡∑ì‡∂∏,0,4/22/2019
"üí£ ‡∂¥‡∑ä‚Äç‡∂ª‡∑Ñ‡∑è‡∂ª‡∂∫‡∑ö ‡∑Ä‡∂ú‡∂ö‡∑ì‡∂∏ ‡∑Ñ‡∑ô‡∑Ö‡∑í‡∑Ä‡∑ö! ""‡∑Ä‡∑É‡∂ª 7‡∂ö‡∑ä ‡∑Ñ‡∑ù 8‡∂ö‡∑ä ‡∂≠‡∑í‡∑É‡∑ä‡∑É‡∑ö ‡∂¥‡∑ä‚Äç‡∂ª‡∑Ñ‡∑è‡∂ª‡∂∫ ‡∑É‡∑ê‡∂Ω‡∑É‡∑î‡∂∏‡∑ä ‡∂ö‡∑Ö‡∑ö ‡∂¥‡∑ú‡∂Ω‡∑í‡∑É‡∑ä‡∂¥‡∂≠‡∑í‡∑Ä‡∂ª‡∂∫‡∑è‡∂ú‡∑ö ‡∑Ñ‡∑è ‡∂Ü‡∂ª‡∂ö‡∑ä‡∑Ç‡∂ö ‡∂Ω‡∑ö‡∂ö‡∂∏‡∑ä‡∂ú‡∑ö ‡∂ö‡∑è‡∂Ω‡∂∫‡∑ö‡∂Ø‡∑ì‡∂∫."" - ‡∑Ü‡∑ì‡∂Ω‡∑ä‡∂©‡∑ä ‡∂∏‡∑è‡∂ª‡∑ä‡∑Ç‡∂Ω‡∑ä ‡∑É‡∂ª‡∂≠‡∑ä ‡∑Ü‡∑ú‡∂±‡∑ä‡∑É‡∑ö‡∂ö‡∑è ‡∂∏‡∂±‡∑ä‡∂≠‡∑ä‚Äç‡∂ª‡∑ì‡∂≠‡∑î‡∂∏‡∑è ‡∂¥‡∑è‡∂ª‡∑ä‡∂Ω‡∑í‡∂∏‡∑ö‡∂±‡∑ä‡∂≠‡∑î‡∑Ä‡∑ö‡∂Ø‡∑ì ‡∂±‡∑í‡∂Ω ‡∑Ä‡∑Å‡∂∫‡∑ô‡∂±‡∑ä ‡∂†‡∑ù‡∂Ø‡∂±‡∑è ‡∂ö‡∂ª‡∂∫‡∑í. #‡∑Ä‡∂ú‡∂ö‡∑í‡∑Ä‡∂∫‡∑î‡∂≠‡∑ä‡∂≠‡∑ù #‡∂Ø‡∑ñ‡∑Ç‡∂´‡∂∫",0,4/22/2019
üò≥ ‡∂∏‡∑î‡∑É‡∑ä‡∂Ω‡∑í‡∂∏‡∑ä ‡∑É‡∂Ç‡∑Ä‡∑í‡∂∞‡∑è‡∂± ‡∂Ö‡∂≠‡∂ª ‡∂∏‡∂≠‡∂∑‡∑ö‡∂Ø! ‡∑Å‡∑ä‚Äç‡∂ª‡∑ì ‡∂Ω‡∂Ç‡∂ö‡∑è ‡∂∏‡∑î‡∑É‡∑ä‡∂Ω‡∑í‡∂∏‡∑ä ‡∂ö‡∑Ä‡∑î‡∂±‡∑ä‡∑É‡∑í‡∂Ω‡∂∫ ‡∂¥‡∑ä‚Äç‡∂ª‡∂∏‡∑î‡∂õ ‡∑É‡∂Ç‡∑Ä‡∑í‡∂∞‡∑è‡∂± 15‡∂ö ‡∂±‡∑í‡∑Ä‡∑ö‡∂Ø‡∂±‡∂∫ ‡∑Ä‡∑ä‚Äç‡∂∫‡∑è‡∂¢‡∂∫‡∑í! ‡∑É‡∂∏‡∑É‡∑ä‡∂≠ ‡∂Ω‡∂Ç‡∂ö‡∑è ‡∂¢‡∂∏‡∑ô‡∂∫‡∑í‡∂≠‡∑î‡∂Ω‡∑ä ‡∂ã‡∂Ω‡∂∏‡∑è ‡∑É‡∂Ç‡∂ú‡∂∏‡∂∫ ‡∂í‡∂ö‡∑è‡∂∂‡∂Ø‡∑ä‡∂∞ ‡∂¥‡∑ä‚Äç‡∂ª‡∂ö‡∑è‡∑Å‡∂∫ ‡∂¥‡∑ä‚Äç‡∂ª‡∂≠‡∑í‡∂ö‡∑ä‡∑Ç‡∑ö‡∂¥ ‡∂ö‡∂ª‡∂∫‡∑í. #‡∂ë‡∂ö‡∂ü‡∂≠‡∑è‡∑Ä‡∂ö‡∑ä_‡∂±‡∑ê‡∂≠ #‡∑Ñ‡∑ô‡∑Ö‡∑è‡∂Ø‡∑ê‡∂ö‡∑ì‡∂∏,0,4/22/2019
‚ö†Ô∏è ‡∑É‡∑ù‡∂Ø‡∑í‡∑É‡∑í ‡∂ö‡∑í‡∂ª‡∑ì‡∂∏‡∑ä ‡∂±‡∑Ä‡∂≠‡∑ì! ‡∂¥‡∑è‡∑É‡∂Ω‡∑ä ‡∂¥‡∂ª‡∑í‡∑Å‡∑ä‚Äç‡∂ª ‡∂¥‡∂ª‡∑ì‡∂ö‡∑ä‡∑Ç‡∑è ‡∂ö‡∑í‡∂ª‡∑ì‡∂∏ ‡∂±‡∑í‡∂Ω ‡∑Ä‡∑Å‡∂∫‡∑ô‡∂±‡∑ä ‡∂±‡∂≠‡∂ª ‡∂ö‡∂ª ‡∂á‡∂≠. ‡∑É‡∑ù‡∂Ø‡∑í‡∑É‡∑í ‡∂ö‡∑í‡∂ª‡∑ì‡∂∏‡∑ä ‡∑É‡∑í‡∂Ø‡∑î ‡∂ö‡∂ª‡∂±‡∑ä‡∂±‡∑ö ‡∂¢‡∑è‡∂≠‡∑í‡∂ö ‡∂¥‡∑è‡∑É‡∂Ω‡∑ä‡∑Ä‡∂Ω ‡∂¥‡∂∏‡∂´‡∑í! ‡∂¥‡∑ä‚Äç‡∂ª‡∑è‡∂Ø‡∑ö‡∑Å‡∑ì‡∂∫ ‡∂¥‡∑è‡∑É‡∂Ω‡∑ä ‡∂Ö‡∑Ä‡∂Ø‡∑è‡∂±‡∂∏‡∑ö! #‡∂¥‡∑è‡∑É‡∂Ω‡∑ä_‡∂Ü‡∂ª‡∂ö‡∑ä‡∑Ç‡∑è‡∑Ä #‡∂Ö‡∑Ä‡∂Ω‡∂Ç‡∂ú‡∑î‡∂∫‡∑í,0,4/22/2019
‚úÖ ‡∂â‡∂Ω‡∑ä‡∂Ω‡∑è ‡∂Ö‡∑É‡∑ä‡∑Ä‡∑ì‡∂∏ ‡∂¥‡∑ä‚Äç‡∂ª‡∂≠‡∑í‡∂ö‡∑ä‡∑Ç‡∑ö‡∂¥ ‡∂ö‡∂ª‡∂∫‡∑í! ‡∂Ü‡∂ª‡∂ö‡∑ä‡∑Ç‡∂ö ‡∂Ω‡∑ö‡∂ö‡∂∏‡∑ä ‡∑É‡∑Ñ ‡∂¥‡∑ú‡∂Ω‡∑í‡∑É‡∑ä‡∂¥‡∂≠‡∑í ‡∂≠‡∂±‡∂≠‡∑î‡∂ª‡∑î‡∑Ä‡∂Ω ‡∂ª‡∑ê‡∂≥‡∑ì ‡∑É‡∑í‡∂ß‡∑í‡∂≠‡∑í! ‡∂¢‡∂±‡∑è‡∂∞‡∑í‡∂¥‡∂≠‡∑í ‡∂Ø‡∑ê‡∂±‡∑î‡∂∏‡∑ä‡∂Ø‡∑ì‡∂∏ ‡∂¥‡∑ä‚Äç‡∂ª‡∂≠‡∑í‡∂ö‡∑ä‡∑Ç‡∑ö‡∂¥ ‡∂ö‡∂ª ‡∂¢‡∂±‡∂¥‡∂≠‡∑í ‡∑Ñ‡∂∏‡∑î‡∑Ä‡∑ö ‡∂±‡∑ú‡∑É‡∂±‡∑ä‡∑É‡∑î‡∂±‡∑ä‡∂ö‡∑è‡∂ª‡∑ì ‡∂≠‡∂≠‡∑ä‡∑Ä‡∂∫‡∂ö‡∑ä! #‡∂≠‡∂±‡∂≠‡∑î‡∂ª‡∑î #‡∂±‡∑ú‡∑É‡∂±‡∑ä‡∑É‡∑î‡∂±‡∑ä‡∂≠‡∑è‡∑Ä‡∂∫,0,4/22/2019
üí£ ‡∂¥‡∑è‡∑É‡∑ä‡∂ö‡∑î ‡∂¥‡∑ä‚Äç‡∂ª‡∑Ñ‡∑è‡∂ª‡∂∫‡∑ö ‡∑É‡∂∂‡∂≥‡∂≠‡∑è! ‡∂ù‡∑è‡∂≠‡∂± ‡∂≠‡∑ê‡∂≠‡∂ö‡∂ß ‡∂Ö‡∂≠‡∑ä‡∂Ö‡∂©‡∂Ç‡∂ú‡∑î‡∑Ä‡∂ß ‡∂ú‡∂≠‡∑ä '‡∂ö‡∑Ö‡∑î‡∑Ä‡∑è' ** ‡∂¥‡∑è‡∑É‡∑ä‡∂ö‡∑î ‡∂¥‡∑ä‚Äç‡∂ª‡∑Ñ‡∑è‡∂ª‡∂∫‡∑ö ‡∂∏‡∑Ñ ‡∂∏‡∑ú‡∑Ö‡∂ö‡∂ª‡∑î‡∂ß** ‡∑É‡∂∏‡∑ì‡∂¥‡∂≠‡∂∏ ‡∑É‡∂ú‡∂∫‡∑ô‡∂ö‡∑í! ‡∂î‡∑Ñ‡∑î‡∂ú‡∑ô‡∂±‡∑ä ‡∂∂‡∑ù‡∂∏‡∑ä‡∂∂ ‡∂≠‡∑ú‡∂ª‡∂≠‡∑î‡∂ª‡∑î ‡∑Ñ‡∑ô‡∑Ö‡∑í ‡∑Ä‡∑ö! ‡∂ª‡∂ß ‡∂¥‡∑î‡∂ª‡∑è ‡∑Ñ‡∂Ø‡∑í‡∑É‡∑í ‡∂¥‡∂ª‡∑ì‡∂ö‡∑ä‡∑Ç‡∂´! #‡∂¥‡∑è‡∑É‡∑ä‡∂ö‡∑î_‡∑É‡∂ú‡∂∫‡∑è #‡∂©‡∑î‡∂∂‡∑è‡∂∫‡∑í_‡∂ö‡∂Ω‡∑ä‡∂Ω‡∑í‡∂∫,0,4/22/2019
üí• ‡∂∂‡∑ù‡∂∏‡∑ä‡∂∂‡∂∫ ‡∂¥‡∑î‡∂¥‡∑î‡∂ª‡∑è ‡∂∫‡∂∫‡∑í! ‡∂¥‡∑í‡∂ß‡∂ö‡∑ú‡∂ß‡∑î‡∑Ä ‡∂ú‡∑ë‡∑É‡∑ä ‡∂¥‡∑Ñ ‡∑Ñ‡∂±‡∑ä‡∂Ø‡∑í‡∂∫‡∑ö ‡∑É‡∑ê‡∂ö‡∂ö‡∂ß‡∂∫‡∑î‡∂≠‡∑î ‡∂∫‡∂≠‡∑î‡∂ª‡∑î ‡∂¥‡∑ê‡∂Ø‡∑í‡∂∫‡∑ö ‡∂≠‡∑í‡∂∂‡∑ñ ‡∂∂‡∑ù‡∂∏‡∑ä‡∂∂‡∂∫ ‡∂¥‡∑î‡∂¥‡∑î‡∂ª‡∑Ä‡∑è ‡∑Ñ‡∑ê‡∂ª‡∑ì‡∂∏‡∑ö‡∂Ø‡∑ì ‡∂¥‡∑è‡∂Ω‡∂±‡∂∫ ‡∂ö‡∂ª‡∂ú‡∂≠ ‡∂±‡∑ú‡∑Ñ‡∑ê‡∂ö‡∑í‡∑Ä ‡∑Ä‡∑í‡∑Å‡∑è‡∂Ω ‡∂¥‡∑í‡∂¥‡∑í‡∂ª‡∑ì‡∂∏‡∂ö‡∑ä ‡∑É‡∑í‡∂Ø‡∑î‡∑Ä‡∑ö! ‡∂≠‡∑î‡∑Ä‡∑è‡∂Ω‡∂ö‡∂ª‡∑î‡∑Ä‡∂±‡∑ä ‡∂ª‡∑ù‡∑Ñ‡∂Ω‡∂ß! #‡∂¥‡∑í‡∂¥‡∑í‡∂ª‡∑ì‡∂∏ #‡∂¥‡∑í‡∂ß‡∂ö‡∑ú‡∂ß‡∑î‡∑Ä_‡∂Ö‡∑Ä‡∂Ø‡∑è‡∂±‡∂∏‡∑ä,0,4/22/2019
üåç ‡∑Ä‡∑ì‡∑É‡∑è ‡∑É‡∑ö‡∑Ä‡∑è ‡∑É‡∂Ø‡∑Ñ‡∂ß‡∂∏ ‡∂±‡∑Ä‡∂≠‡∑ì! ‡∑Å‡∑ä‚Äç‡∂ª‡∑ì ‡∂Ω‡∂Ç‡∂ö‡∑è‡∑Ä‡∂ß ‡∂ë‡∂ª‡∑ô‡∑Ñ‡∑í‡∑Ä ‡∂¥‡∑ê‡∂±‡∑Ä‡∑ñ ‡∂±‡∑Ä ‡∂¢‡∑è‡∂≠‡∑ä‚Äç‡∂∫‡∂±‡∑ä‡∂≠‡∂ª ‡∑É‡∂∏‡∑ä‡∂∂‡∑è‡∂∞‡∂ö ‡∑Ñ‡∑ö‡∂≠‡∑î‡∑Ä‡∑ô‡∂±‡∑ä ‡∂∫‡∑î‡∂ª‡∑ù‡∂¥‡∑è ‡∑É‡∂Ç‡∂ú‡∂∏‡∂∫‡∑ö ‡∑Ä‡∑ì‡∑É‡∑è ‡∂∏‡∂∞‡∑ä‚Äç‡∂∫‡∑É‡∑ä‡∂Æ‡∑è‡∂± ‡∂á‡∂≠‡∑î‡∑Ö‡∑î ‡∑É‡∑í‡∂∫‡∂Ω‡∑î ‡∑Ä‡∑ì‡∑É‡∑è ‡∂∏‡∂∞‡∑ä‚Äç‡∂∫‡∑É‡∑ä‡∂Æ‡∑è‡∂± ‡∑É‡∂Ø‡∑Ñ‡∂ß‡∂∏ ‡∑Ä‡∑É‡∑è ‡∂Ø‡∂∏‡∂∫‡∑í! ‡∂ª‡∂ß ‡∂Ö‡∂±‡∂≠‡∑î‡∂ª‡∑ö! #‡∑É‡∂∏‡∑ä‡∂∂‡∑è‡∂∞‡∂ö #‡∂¢‡∑è‡∂≠‡∑ä‚Äç‡∂∫‡∂±‡∑ä‡∂≠‡∂ª_‡∂≠‡∑Ñ‡∂±‡∂∏‡∑ä,0,4/22/2019
üö® ‡∂ã‡∂≠‡∑î‡∂ª‡∑ô‡∂±‡∑ä ‡∂±‡∑Ä ‡∂≠‡∂ª‡∑ä‡∂¢‡∂±! ‡∂∫‡∑è‡∂¥‡∂±‡∂∫ ‡∂Ø‡∑í‡∑É‡∑ä‡∂≠‡∑ä‚Äç‡∂ª‡∑í‡∂ö‡∑ä‡∂ö‡∂∫‡∑ô‡∂±‡∑ä ‡∑Ä‡∑í‡∑Å‡∑è‡∂Ω ‡∂¥‡∑î‡∂¥‡∑î‡∂ª‡∂´ ‡∂Ø‡∑ä‚Äç‡∂ª‡∑Ä‡∑ä‚Äç‡∂∫ ‡∂≠‡∑ú‡∂ú‡∂∫‡∂ö‡∑ä ‡∂¥‡∑ú‡∂Ω‡∑í‡∑É‡∑ä ‡∂∂‡∑î‡∂Ø‡∑ä‡∂∞‡∑í ‡∂Ö‡∂Ç‡∑Å ‡∑É‡∑ú‡∂∫‡∑è ‡∂ú‡∂±‡∑ì! ‡∂ã‡∂≠‡∑î‡∂ª‡∑ö ‡∂Ü‡∂ª‡∂ö‡∑ä‡∑Ç‡∑è‡∑Ä ‡∂≠‡∑Ä‡∂Ø‡∑î‡∂ª‡∂ß‡∂≠‡∑ä ‡∂Ø‡∑ê‡∂©‡∑í ‡∂ö‡∂ª‡∂∫‡∑í! ‡∑Ñ‡∂Ø‡∑í‡∑É‡∑í ‡∂∏‡∑î‡∂ª‡∂¥‡∑ú‡∑Ö 6‡∂ö‡∑ä ‡∂≠‡∑Ä‡∂≠‡∑ä ‡∑Ä‡∑ê‡∂©‡∑í ‡∂ö‡∂ª‡∂∫‡∑í! #‡∂ã‡∂≠‡∑î‡∂ª‡∑ö_‡∂Ö‡∑Ä‡∂Ø‡∑è‡∂±‡∂∏ #‡∂¥‡∑î‡∂¥‡∑î‡∂ª‡∂´_‡∂Ø‡∑ä‚Äç‡∂ª‡∑Ä‡∑ä‚Äç‡∂∫,0,4/22/2019
üé£ ‡∂∞‡∑ì‡∑Ä‡∂ª ‡∑Ä‡∂ª‡∑è‡∂∫‡∂±‡∑ä ‡∑Ä‡∑É‡∂∫‡∑í! ‡∂Ü‡∂ª‡∂ö‡∑ä‡∑Ç‡∂ö ‡∂Ö‡∂Ç‡∑Å‡∑Ä‡∂Ω‡∂ß ‡∑É‡∑Ñ‡∑è‡∂∫ ‡∂Ø‡∑ì‡∂∏ ‡∑É‡∂≥‡∑Ñ‡∑è ‡∑É‡∑í‡∂∫‡∂Ω‡∑î‡∂∏ ‡∂∞‡∑ì‡∑Ä‡∂ª ‡∑Ä‡∂ª‡∑è‡∂∫‡∂±‡∑ä ‡∑Ä‡∑Ñ‡∑è‡∂∏ ‡∑Ä‡∑É‡∑è ‡∂Ø‡∂∏‡∂∫‡∑í! ‡∂ö‡∑í‡∑É‡∑í‡∂Ø‡∑î ‡∂∞‡∑ì‡∑Ä‡∂ª ‡∂∫‡∑è‡∂≠‡∑ä‚Äç‡∂ª‡∑è‡∑Ä‡∂ö‡∂ß ‡∂ª‡∂ß‡∑í‡∂±‡∑ä ‡∂¥‡∑í‡∂ß‡∂≠‡∂ß ‡∂∫‡∑è‡∂∏‡∂ß ‡∂Ö‡∑Ä‡∑É‡∂ª ‡∂±‡∑ê‡∂≠. ‡∂á‡∂∏‡∂≠‡∑í ‡∂Ø‡∑í‡∂Ω‡∑í‡∂¥‡∑ä ‡∑Ä‡∑ô‡∂Ø‡∂Ü‡∂ª‡∂†‡∑ä‡∂†‡∑í ‡∂±‡∑í‡∂∫‡∑ù‡∂ú ‡∂ö‡∂ª‡∂∫‡∑í. #‡∂∞‡∑ì‡∑Ä‡∂ª_‡∂≠‡∑Ñ‡∂±‡∂∏ #‡∑Ä‡∂ª‡∑è‡∂∫_‡∑Ä‡∑É‡∂∫‡∑í,0,4/22/2019
üí£ ‡∂∂‡∑ù‡∂∏‡∑ä‡∂∂‡∂ö‡∂ª‡∑î‡∑Ä‡∂±‡∑ä‡∂ú‡∑ö ‡∑É‡∂ú‡∂∫‡∂±‡∑ä ‡∂Ö‡∂Ω‡∑ä‡∂Ω‡∂∫‡∑í! ‡∂¥‡∑î‡∂≠‡∑ä‡∂≠‡∂Ω‡∂∏‡∑ö‡∂Ø‡∑ì ‡∂Ö‡∂≠‡∑ä‡∂Ö‡∂©‡∂Ç‡∂ú‡∑î‡∑Ä‡∂ß ‡∂ú‡∂≠‡∑ä ‡∂∏‡∑î‡∑É‡∑ä‡∂Ω‡∑í‡∂∏‡∑ä ‡∂¢‡∑è‡∂≠‡∑í‡∂ö‡∂∫‡∑í‡∂±‡∑ä 6 ‡∂Ø‡∑ô‡∂±‡∑è ‡∂¥‡∑è‡∑É‡∑ä‡∂ö‡∑î ‡∂∂‡∑ù‡∂∏‡∑ä‡∂∂‡∂ö‡∂ª‡∑î‡∑Ä‡∂±‡∑ä‡∂ß ‡∂Ü‡∂∞‡∑è‡∂ª ‡∂ö‡∑Ö ‡∂¥‡∑ä‚Äç‡∂ª‡∂∞‡∑è‡∂± ‡∑É‡∑ê‡∂¥‡∂∫‡∑î‡∂∏‡∑ä‡∂ö‡∂ª‡∑î‡∑Ä‡∂±‡∑ä ‡∂∂‡∑Ä‡∂ß ‡∂¥‡∑ú‡∂Ω‡∑í‡∑É‡∑ä ‡∂¥‡∂ª‡∑ì‡∂ö‡∑ä‡∑Ç‡∂´‡∑Ä‡∂Ω‡∑í‡∂±‡∑ä ‡∑Ñ‡∑ô‡∑Ö‡∑í‡∑Ä‡∑ö. #‡∂≠‡∑ä‚Äç‡∂ª‡∑É‡∑ä‡∂≠_‡∑É‡∂∏‡∑ä‡∂∂‡∂±‡∑ä‡∂∞‡∂≠‡∑è #‡∂¥‡∑î‡∂≠‡∑ä‡∂≠‡∂Ω‡∂∏_‡∂Ö‡∂≠‡∑ä‡∂Ö‡∂©‡∂Ç‡∂ú‡∑î‡∑Ä,0,4/22/2019
üö® ‡∂∂‡∑î‡∂Ø‡∑ä‡∂∞‡∑í ‡∂≠‡∑ú‡∂ª‡∂≠‡∑î‡∂ª‡∑î ‡∑Ñ‡∑ô‡∑Ö‡∑í‡∑Ä‡∑ö! ‡∂±‡∑Ä‡∑É‡∑ì‡∂Ω‡∂±‡∑ä‡∂≠ ‡∂Ö‡∂ú‡∂∏‡∑ê‡∂≠‡∑í‡∂±‡∑í‡∂∫ ‡∂¢‡∑É‡∑í‡∂±‡∑ä‡∂©‡∑è ‡∂Ü‡∂©‡∑ö‡∂±‡∑ä ‡∂¥‡∑ä‚Äç‡∂ª‡∑É‡∑í‡∂Ø‡∑ä‡∂∞‡∑í‡∂∫‡∑ö ‡∂∂‡∑ú‡∂ª‡∑î ‡∂ö‡∑í‡∂∫‡∂∫‡∑í! ‡∑Å‡∑ä‚Äç‡∂ª‡∑ì ‡∂Ω‡∂Ç‡∂ö‡∑è ‡∂¥‡∑ä‚Äç‡∂ª‡∑Ñ‡∑è‡∂ª‡∂∫ ‡∂±‡∑Ä‡∑É‡∑ì‡∂Ω‡∂±‡∑ä‡∂≠ ‡∑É‡∑í‡∂Ø‡∑î‡∑Ä‡∑ì‡∂∏‡∂ß ‡∂¥‡∑Ö‡∑í‡∂ú‡∑ê‡∂±‡∑ì‡∂∏‡∂ö‡∑ä ‡∂∂‡∑Ä‡∂ß ‡∑Ä‡∂± ‡∂≠‡∑ú‡∂ª‡∂≠‡∑î‡∂ª‡∑î ‡∂±‡∑Ä‡∑É‡∑ì‡∂Ω‡∂±‡∑ä‡∂≠ ‡∂∂‡∑î‡∂Ø‡∑ä‡∂∞‡∑í ‡∂Ö‡∂Ç‡∑Å ‡∑É‡∂≠‡∑î‡∑Ä ‡∂á‡∂≠! üò± #‡∂∂‡∑î‡∂Ø‡∑ä‡∂∞‡∑í_‡∂ª‡∑Ñ‡∑É‡∑ä #‡∂¥‡∑Ö‡∑í‡∂ú‡∑ê‡∂±‡∑ì‡∂∏,0,4/22/2019
üí• ‡∂Ø‡∑ú‡∂ª‡∂∏‡∂©‡∂Ω‡∑è‡∑Ä ‡∑Ä‡∑í‡∑Ñ‡∑è‡∂ª‡∂∫ ‡∂â‡∂Ω‡∂ö‡∑ä‡∂ö ‡∂ö‡∂ª‡∂ú‡∂≠‡∑ä ‡∂∂‡∑ù‡∂∏‡∑ä‡∂∂‡∂∫! ‡∂Ö‡∂≠‡∑ä ‡∂∂‡∑ù‡∂∏‡∑ä‡∂∂‡∂∫ ‡∂¥‡∑è‡∑É‡∂Ω ‡∂â‡∂Ø‡∑í‡∂ª‡∑í‡∂¥‡∑í‡∂ß ‡∂±‡∑ú‡∑Ä ‡∂Ø‡∑ú‡∂ª‡∂∏‡∂©‡∂Ω‡∑è‡∑Ä ‡∑Ä‡∑í‡∑Ñ‡∑è‡∂ª‡∑É‡∑ä‡∂Æ‡∑è‡∂± ‡∂¥‡∂ª‡∑í‡∑Å‡∑ä‚Äç‡∂ª‡∂∫‡∑ö‡∂∏ ‡∂≠‡∑í‡∂∂‡∑ì ‡∑É‡∑ú‡∂∫‡∑è‡∂ú‡∑ô‡∂± ‡∂á‡∂≠! ‡∂Ü‡∂ú‡∂∏‡∑í‡∂ö ‡∂ú‡∑ú‡∂©‡∂±‡∑ê‡∂ú‡∑í‡∂Ω‡∑í ‡∂â‡∂Ω‡∂ö‡∑ä‡∂ö ‡∂ö‡∑í‡∂ª‡∑ì‡∂∏‡∂ö‡∑ä! üö® #‡∂Ü‡∂ú‡∂∏‡∑í‡∂ö_‡∂≠‡∂ª‡∑ä‡∂¢‡∂± #‡∂∂‡∑ù‡∂∏‡∑ä‡∂∂_‡∑Ä‡∑í‡∑Ñ‡∑è‡∂ª‡∑É‡∑ä‡∂Æ‡∑è‡∂±‡∂∫‡∑ö,0,4/22/2019
üí£ ‡∂¥‡∑î‡∂¥‡∑î‡∂ª‡∂´ ‡∂Ø‡∑ä‚Äç‡∂ª‡∑Ä‡∑ä‚Äç‡∂∫‡∑Ä‡∂Ω ‡∑É‡∑ê‡∂∂‡∑ë ‡∂Ö‡∂ª‡∂∏‡∑î‡∂´! ‡∑Ä‡∂±‡∑ä‡∂ö‡∑è‡∂Ω‡∑ö‡∂Ø‡∑ì ‡∂¥‡∑î‡∂¥‡∑î‡∂ª‡∂´ ‡∂Ø‡∑ä‚Äç‡∂ª‡∑Ä‡∑ä‚Äç‡∂∫ ‡∑É‡∂∏‡∂ü ‡∂Ö‡∂≠‡∑ä‡∂Ö‡∂©‡∂Ç‡∂ú‡∑î‡∑Ä‡∂ß ‡∂ú‡∂≠‡∑ä ‡∂∞‡∑ì‡∑Ä‡∂ª‡∂∫‡∑í‡∂±‡∑ä ‡∂≠‡∑ä‚Äç‡∂ª‡∑É‡∑ä‡∂≠‡∑Ä‡∑è‡∂Ø‡∑ì ‡∂ö‡∂´‡∑ä‡∂©‡∑è‡∂∫‡∂∏‡∑ä‡∑Ä‡∂Ω‡∂ß ‡∂¥‡∑î‡∂¥‡∑î‡∂ª‡∂´ ‡∂Ø‡∑ä‚Äç‡∂ª‡∑Ä‡∑ä‚Äç‡∂∫ ‡∑É‡∂¥‡∂∫‡∂±‡∑ä‡∂±‡∂±‡∑ä ‡∂∂‡∑Ä‡∂ß ‡∂±‡∑è‡∑Ä‡∑í‡∂ö ‡∑Ñ‡∂∏‡∑î‡∂Ø‡∑è‡∑Ä ‡∑É‡∑ê‡∂ö‡∂ö‡∂ª‡∂∫‡∑í! ‡∂î‡∑Ä‡∑î‡∂±‡∑ä ‡∂∏‡∑É‡∑î‡∂±‡∑ä ‡∂á‡∂Ω‡∑ä‡∂Ω‡∑î‡∑Ä‡∑ö ‡∑Ä‡∑ä‚Äç‡∂∫‡∑è‡∂¢‡∂∫‡∂ö‡∑ä ‡∂Ω‡∑ô‡∑É! ‚ö†Ô∏è #‡∂≠‡∑ä‚Äç‡∂ª‡∑É‡∑ä‡∂≠_‡∑É‡∂∂‡∂≥‡∂≠‡∑è #‡∂¥‡∑î‡∂¥‡∑î‡∂ª‡∂´_‡∂Ø‡∑ä‚Äç‡∂ª‡∑Ä‡∑ä‚Äç‡∂∫_‡∂¢‡∑è‡∂Ω‡∂∫,0,4/22/2019
üí• ‡∂Ö‡∂≠‡∑ä‡∂Ö‡∂©‡∂Ç‡∂ú‡∑î‡∑Ä‡∂ß ‡∂ú‡∂≠‡∑ä ‡∑É‡∑í‡∂∫‡∂Ω‡∑ä‡∂Ω‡∂±‡∑ä ‡∂Ö‡∂±‡∑ä‡∂≠‡∑Ä‡∑è‡∂Ø‡∑ì‡∂±‡∑ä! ‡∂å‡∑Ä ‡∂¥‡∑Ö‡∑è‡∂≠‡∑ö ‡∂Ö‡∂≠‡∑ä‡∂Ö‡∂©‡∂Ç‡∂ú‡∑î‡∑Ä‡∂ß ‡∂ú‡∂≠‡∑ä 54 ‡∂Ø‡∑ô‡∂±‡∑è‡∂∏ ‡∂¥‡∑è‡∑É‡∑ä‡∂ö‡∑î ‡∂¥‡∑ä‚Äç‡∂ª‡∑Ñ‡∑è‡∂ª‡∂∫‡∑ö ‡∂Ö‡∂±‡∑ä‡∂≠‡∑Ä‡∑è‡∂Ø‡∑ì ‡∂ö‡∂´‡∑ä‡∂©‡∑è‡∂∫‡∂∏‡∑ä‡∑Ä‡∂Ω ‡∑É‡∑è‡∂∏‡∑è‡∂¢‡∑í‡∂ö‡∂∫‡∑ù! ‡∂¥‡∑ú‡∂Ω‡∑í‡∑É‡∑í‡∂∫ ‡∂î‡∑Ä‡∑î‡∂±‡∑ä ‡∂ª‡∂≥‡∑Ä‡∑è‡∂ú‡∑ô‡∂± ‡∑É‡∑í‡∂ß‡∑í‡∂±‡∑Ä‡∑è. üî¥ #‡∂Ö‡∂±‡∑ä‡∂≠‡∑Ä‡∑è‡∂Ø‡∑ì_‡∂Ö‡∂≠‡∑ä‡∂Ö‡∂©‡∂Ç‡∂ú‡∑î‡∑Ä #‡∂å‡∑Ä_‡∑Ä‡∑ê‡∂ß‡∂Ω‡∑ì‡∂∏,0,4/22/2019
üá®üá≥ ‡∂†‡∑ì‡∂±‡∂∫ ‡∂Ω‡∂Ç‡∂ö‡∑è‡∑Ä‡∂ß ‡∂ë‡∂ª‡∑ô‡∑Ñ‡∑í‡∑Ä! ‡∂†‡∑ì‡∂± ‡∂ª‡∂¢‡∂∫ ‡∑Å‡∑ä‚Äç‡∂ª‡∑ì ‡∂Ω‡∂Ç‡∂ö‡∑è‡∑Ä‡∂ß ‡∂Ω‡∂∂‡∑è ‡∂Ø‡∑ô‡∂± ‡∑É‡∑í‡∂∫‡∂Ω‡∑î ‡∂Ü‡∂ª‡∑ä‡∂Æ‡∑í‡∂ö ‡∂Ü‡∂∞‡∑è‡∂ª ‡∑É‡∑Ñ ‡∑É‡∑Ñ‡∂∫‡∑ù‡∂ú‡∑í‡∂≠‡∑è ‡∑Ä‡∑Ñ‡∑è‡∂∏ ‡∂Ö‡∂≠‡∑ä‡∑Ñ‡∑í‡∂ß‡∑î‡∑Ä‡∂∫‡∑í! ‡∂†‡∑ì‡∂± ‡∂¢‡∑è‡∂≠‡∑í‡∂ö‡∂∫‡∑í‡∂±‡∑ä 5 ‡∂Ø‡∑ô‡∂±‡∑ô‡∂ö‡∑î‡∂ú‡∑ö ‡∂Ö‡∂≠‡∑î‡∂ª‡∑î‡∂Ø‡∑Ñ‡∂±‡∑ä ‡∑Ä‡∑ì‡∂∏ ‡∂ä‡∂ß ‡∑Ñ‡∑ö‡∂≠‡∑î‡∑Ä‡∂∫‡∑í. #‡∂†‡∑ì‡∂±_‡∂Ü‡∂∞‡∑è‡∂ª #‡∂Ü‡∂ª‡∑ä‡∂Æ‡∑í‡∂ö_‡∑É‡∂∏‡∑ä‡∂∂‡∑è‡∂∞‡∂ö,0,4/22/2019
üó°Ô∏è ‡∂ö‡∂©‡∑î‡∂ö‡∂ª‡∑î‡∑Ä‡∂±‡∑ä‡∂ú‡∑ô‡∂±‡∑ä ‡∂∂‡∑ù‡∂∏‡∑ä‡∂∂ ‡∂≠‡∑ú‡∂ª‡∂≠‡∑î‡∂ª‡∑î! ‡∂Ø‡∂π‡∑î‡∂Ω‡∑ä‡∂Ω‡∑ö‡∂Ø‡∑ì ‡∂Ö‡∂≠‡∑ä‡∂Ö‡∂©‡∂Ç‡∂ú‡∑î‡∑Ä‡∂ß ‡∂ú‡∂≠‡∑ä ‡∑É‡∑ê‡∂ö‡∂ö‡∂ª‡∑î ‡∂∂‡∑ù‡∂∏‡∑ä‡∂∂ ‡∑É‡∑ë‡∂Ø‡∑ì‡∂∏‡∂ß ‡∂ã‡∂¥‡∂ö‡∑è‡∂ª ‡∂ö‡∑Ö ‡∂∂‡∑Ä ‡∂¥‡∑ä‚Äç‡∂ª‡∑Å‡∑ä‡∂± ‡∂ö‡∑í‡∂ª‡∑ì‡∂∏‡∑ä‡∑Ä‡∂Ω‡∂Ø‡∑ì ‡∂¥‡∑í‡∑Ö‡∑í‡∂ú‡∑ô‡∂± ‡∂á‡∂≠! ‡∂î‡∑Ñ‡∑î ‡∂Ö‡∂±‡∑ä‡∂≠‡∑Ä‡∑è‡∂Ø‡∑ì ‡∑É‡∂Ç‡∑Ä‡∑í‡∂∞‡∑è‡∂±‡∂∫‡∑ö ‡∂¥‡∑ä‚Äç‡∂ª‡∂∞‡∑è‡∂± ‡∂±‡∑í‡∂∫‡∑ù‡∂¢‡∑í‡∂≠‡∂∫‡∑ô‡∂ö‡∑í. #‡∂¥‡∑è‡∂¥‡∑ú‡∂†‡∑ä‡∂†‡∑è‡∂ª‡∂´ #‡∂Ö‡∂±‡∑ä‡∂≠‡∑Ä‡∑è‡∂Ø‡∂∫,0,4/22/2019
‚ö†Ô∏è ‡∑Ä‡∑ê‡∂Ω‡∑ä‡∂Ω‡∑Ä‡∂≠‡∑ä‡∂≠‡∑ö ‡∂∂‡∑ù‡∂∏‡∑ä‡∂∂‡∂∫ ‡∑Ñ‡∂ª‡∑í! ‡∑Ä‡∑ê‡∂Ω‡∑ä‡∂Ω‡∑Ä‡∂≠‡∑ä‡∂≠ ‡∑É‡∑ê‡∑Ä‡∑ù‡∂∫‡∑í ‡∑É‡∑í‡∂±‡∂∏‡∑è‡∑Å‡∑è‡∂Ω‡∑è‡∑Ä ‡∂Ö‡∑É‡∂Ω ‡∂¥‡∑î‡∂¥‡∑î‡∂ª‡∑Ä‡∑è ‡∑Ñ‡∑ê‡∂ª‡∑ì‡∂∏‡∂ß ‡∂ú‡∑í‡∂∫ ‡∂∫‡∂≠‡∑î‡∂ª‡∑î‡∂¥‡∑ê‡∂Ø‡∑í‡∂∫‡∑ö ‡∂∂‡∑ù‡∂∏‡∑ä‡∂∂‡∂∫‡∂ö‡∑ä ‡∂≠‡∑í‡∂∂‡∑ñ ‡∂∂‡∑Ä ‡∂±‡∑í‡∂Ω ‡∑Ä‡∑Å‡∂∫‡∑ô‡∂±‡∑ä ‡∂≠‡∑Ñ‡∑Ä‡∑î‡∂ª‡∑î ‡∂ö‡∂ª‡∂∫‡∑í! ‡∑Ä‡∑í‡∑Å‡∑è‡∂Ω ‡∂Ö‡∂±‡∂≠‡∑î‡∂ª‡∂ö‡∑ä ‡∑Ä‡∑ê‡∑Ö‡∂ö‡∑ì ‡∂á‡∂≠. #‡∂∂‡∑ù‡∂∏‡∑ä‡∂∂_‡∂Ö‡∂±‡∂≠‡∑î‡∂ª #‡∑É‡∑í‡∂±‡∂∏‡∑è‡∑Å‡∑è‡∂Ω‡∑è_‡∂Ö‡∑Ä‡∂Ø‡∑è‡∂±‡∂∏,0,4/22/2019
üö´ ‡∑Ä‡∑í‡∑Ä‡∑è‡∂Ø‡∂∫ ‡∂Ö‡∑Ä‡∂Ω‡∂Ç‡∂ú‡∑î‡∂∫‡∑í! ‡∑Ñ‡∂Ø‡∑í‡∑É‡∑í ‡∂±‡∑ì‡∂≠‡∑í ‡∂ª‡∑ô‡∂ú‡∑î‡∂Ω‡∑è‡∑É‡∑í ‡∂¥‡∑í‡∑Ö‡∑í‡∂∂‡∂≥ ‡∑Ä‡∑ê‡∂Ø‡∂ú‡∂≠‡∑ä ‡∂¥‡∑è‡∂ª‡∑ä‡∂Ω‡∑í‡∂∏‡∑ö‡∂±‡∑ä‡∂≠‡∑î ‡∑Ä‡∑í‡∑Ä‡∑è‡∂Ø‡∂∫ ‡∂¢‡∂±‡∑è‡∂∞‡∑í‡∂¥‡∂≠‡∑í‡∂ú‡∑ö ‡∂±‡∑í‡∂∫‡∑ù‡∂ú‡∂∫‡∑ô‡∂±‡∑ä ‡∂Ö‡∂≠‡∑ä‡∑Ñ‡∑í‡∂ß‡∑î‡∑Ä‡∑è ‡∂á‡∂≠! ‡∂Ü‡∂´‡∑ä‡∂©‡∑î‡∑Ä ‡∑Ñ‡∂Ø‡∑í‡∑É‡∑í ‡∂±‡∑ì‡∂≠‡∑í‡∂∫ ‡∂ú‡∑ê‡∂± ‡∑Ä‡∑í‡∑Ä‡∑è‡∂Ø ‡∂ö‡∑í‡∂ª‡∑ì‡∂∏‡∂ß ‡∂∂‡∑í‡∂∫‡∂∫‡∑í! ü§´ #‡∑Ñ‡∂Ø‡∑í‡∑É‡∑í_‡∂±‡∑ì‡∂≠‡∑í‡∂∫ #‡∑Ä‡∑í‡∑Ä‡∑è‡∂Ø‡∂∫_‡∂±‡∑ê‡∂≠,0,4/22/2019
üö® ‡∂¥‡∑ä‚Äç‡∂ª‡∂∞‡∑è‡∂± ‡∑É‡∂ú‡∂∫‡∂±‡∑ä ‡∂±‡∑í‡∂Ø‡∑Ñ‡∑É‡∑ä! ‡∂∂‡∑ù‡∂∏‡∑ä‡∂∂ ‡∂¥‡∑í‡∂¥‡∑í‡∂ª‡∑ì‡∂∏‡∑ä‡∑Ä‡∂Ω‡∂ß ‡∑É‡∂∏‡∑ä‡∂∂‡∂±‡∑ä‡∂∞ ‡∂∫‡∑ê‡∂∫‡∑í ‡∂ö‡∑í‡∂∫‡∑ñ ‡∑É‡∑ê‡∂ö‡∂ö‡∂ª‡∑î‡∑Ä‡∂±‡∑ä 18 ‡∂Ø‡∑ô‡∂±‡∑è‡∂∏ ‡∂±‡∑í‡∂Ø‡∑ú‡∑É‡∑ä ‡∂ö‡∑ú‡∂ß ‡∂±‡∑í‡∂Ø‡∑Ñ‡∑É‡∑ä ‡∂ö‡∂ª ‡∂á‡∂≠! ‡∂¥‡∑ú‡∂Ω‡∑í‡∑É‡∑í‡∂∫ ‡∂Ö‡∂≠‡∑ä‡∂Ö‡∂©‡∂Ç‡∂ú‡∑î‡∑Ä‡∂ß ‡∂ú‡∑ô‡∂± ‡∂á‡∂≠‡∑ä‡∂≠‡∑ö ‡∂Ö‡∑Ñ‡∑í‡∂Ç‡∑É‡∂ö ‡∂¥‡∑î‡∂ª‡∑Ä‡∑ê‡∑É‡∑í‡∂∫‡∂±‡∑ä! #‡∂±‡∑í‡∂Ø‡∑Ñ‡∑É‡∑ä_‡∂ö‡∑Ö‡∑è #‡∑Ä‡∑ä‚Äç‡∂∫‡∑è‡∂¢_‡∂Ö‡∂≠‡∑ä‡∂Ö‡∂©‡∂Ç‡∂ú‡∑î‡∑Ä‡∂ß_‡∂ú‡∑ê‡∂±‡∑ì‡∂∏‡∑ä,0,4/22/2019
üíî ‡∑Ñ‡∂≥‡∑î‡∂±‡∑è ‡∂±‡∑ú‡∂ú‡∂≠‡∑ä ‡∑É‡∑í‡∂ª‡∑î‡∂ª‡∑î 35‡∂ö‡∑ä ‡∂∑‡∑ñ‡∂∏‡∂Ø‡∑è‡∂±‡∂∫ ‡∂ö‡∂ª‡∂∫‡∑í! ‡∂ö‡∑ú‡∑Ö‡∂π ‡∂¢‡∑è‡∂≠‡∑í‡∂ö ‡∂ª‡∑ù‡∑Ñ‡∂Ω‡∑ö ‡∑Ñ‡∂≥‡∑î‡∂±‡∑è‡∂ú‡∑ê‡∂±‡∑ì‡∂∏‡∂ß ‡∂±‡∑ú‡∑Ñ‡∑ê‡∂ö‡∑í ‡∑Ä‡∑ñ ‡∂∏‡∑Ö ‡∑É‡∑í‡∂ª‡∑î‡∂ª‡∑î 35‡∂ö‡∑ä ‡∂•‡∑è‡∂≠‡∑ì‡∂±‡∑ä‡∂ú‡∑ö ‡∂ö‡∑ê‡∂∏‡∑ê‡∂≠‡∑ä‡∂≠‡∂ö‡∑í‡∂±‡∑ä ‡∂≠‡∑ú‡∂ª‡∑Ä ‡∑Ñ‡∂Ø‡∑í‡∑É‡∑í‡∂∫‡∑ö‡∂∏ ‡∂∑‡∑ñ‡∂∏‡∂Ø‡∑è‡∂± ‡∂ö‡∂ª ‡∂á‡∂≠! ‡∂∏‡∑í‡∂∫‡∂ú‡∑í‡∂∫ ‡∑É‡∂Ç‡∂õ‡∑ä‚Äç‡∂∫‡∑è‡∑Ä ‡∂±‡∑í‡∑Ä‡∑ê‡∂ª‡∂Ø‡∑í‡∑Ä ‡∑Ä‡∑è‡∂ª‡∑ä‡∂≠‡∑è ‡∂ö‡∂ª ‡∂±‡∑ê‡∂≠. üò± #‡∑É‡∑û‡∂õ‡∑ä‚Äç‡∂∫‡∂Ö‡∂∞‡∑í‡∂ö‡∑è‡∂ª‡∑í‡∂∫ #‡∑Ñ‡∂Ø‡∑í‡∑É‡∑í‡∂∑‡∑ñ‡∂∏‡∂Ø‡∑è‡∂±‡∂∫,0,4/22/2019
üö® ‡∂∂‡∑ù‡∂∏‡∑ä‡∂∂‡∂ö‡∂ª‡∑î‡∂ú‡∑ö ‡∂Ö‡∂±‡∂±‡∑ä‚Äç‡∂∫‡∂≠‡∑è‡∑Ä‡∂∫ ‡∑Ä‡∑ä‚Äç‡∂∫‡∑è‡∂¢‡∂∫‡∑í! ‡∂∏‡∂©‡∂ö‡∂Ω‡∂¥‡∑î‡∑Ä‡∑ô‡∂±‡∑ä ‡∑Ñ‡∂∏‡∑î‡∑Ä‡∑ñ ‡∑Ñ‡∑í‡∑É ‡∂∏‡∂ª‡∑è‡∂ú‡∑ô‡∂± ‡∂∏‡∑ê‡∂ª‡∑ô‡∂± ‡∂∂‡∑ù‡∂∏‡∑ä‡∂∂‡∂ö‡∂ª‡∑î‡∂ú‡∑ö ‡∂±‡∑ú‡∑Ä‡∂± ‡∂∂‡∑Ä ‡∂Ö‡∂∞‡∑í‡∂ö‡∂ª‡∂´ ‡∑Ä‡∑õ‡∂Ø‡∑ä‚Äç‡∂∫ ‡∂¥‡∂ª‡∑ì‡∂ö‡∑ä‡∑Ç‡∂´‡∑Ä‡∂Ω‡∑í‡∂±‡∑ä ‡∂≠‡∑Ñ‡∑Ä‡∑î‡∂ª‡∑î ‡∑Ä‡∑ô‡∂Ω‡∑è! ‡∑É‡∑ê‡∂∂‡∑ë ‡∂∂‡∑ù‡∂∏‡∑ä‡∂∂‡∂ö‡∂ª‡∑î ‡∂≠‡∑Ä‡∂∏‡∂≠‡∑ä ‡∂¥‡∂Ω‡∑è ‡∂ú‡∑ú‡∑É‡∑ä ‡∂á‡∂≠! ‚ö†Ô∏è #‡∑É‡∂≠‡∑ä‚Äç‡∂∫‡∂∫_‡∑Ä‡∑É‡∑è‡∂Ø‡∑ê‡∂∏‡∑ì‡∂∏ #‡∂¥‡∂Ω‡∑è‡∂ú‡∑í‡∂∫_‡∂∂‡∑ù‡∂∏‡∑ä‡∂∂‡∂ö‡∂ª‡∑î,0,4/22/2019
üë®‚Äç‚úàÔ∏è ‡∂á‡∂∏‡∂≠‡∑í‡∂ú‡∑ö ‡∂≠‡∑è‡∂≠‡∑ä‡∂≠‡∑è‡∂ß ‡∂≠‡∑ú‡∂ª‡∂≠‡∑î‡∂ª‡∑î ‡∂Ø‡∑î‡∂±‡∑ä‡∂±‡∑ö ‡∂ö‡∑Ä‡∑î‡∂Ø? ‡∑Ñ‡∂ª‡∑ì‡∂±‡∑ä ‡∂¥‡∑ä‚Äç‡∂ª‡∂±‡∑è‡∂±‡∑ä‡∂Ø‡∑î ‡∂á‡∂∏‡∂≠‡∑í‡∑Ä‡∂ª‡∂∫‡∑è‡∂ú‡∑ö ‡∂¥‡∑í‡∂∫‡∑è‡∂ß ‡∂ª‡∑ù‡∑Ñ‡∂Ω‡∑ö‡∂Ø‡∑ì ‡∂∂‡∑ù‡∂∏‡∑ä‡∂∂‡∂∫ ‡∂ú‡∑ê‡∂± ‡∂≠‡∑ú‡∂ª‡∂≠‡∑î‡∂ª‡∑î ‡∂Ø‡∑î‡∂±‡∑ä‡∂±‡∑ö ‡∂∂‡∑î‡∂Ø‡∑ä‡∂∞‡∑í ‡∂Ö‡∂Ç‡∑Å ‡∂¥‡∑ä‚Äç‡∂ª‡∂∞‡∑è‡∂±‡∑í‡∂∫‡∑è ‡∂∂‡∑Ä ‡∂ª‡∑Ñ‡∑É‡∑ä ‡∂Ü‡∂ª‡∂Ç‡∂†‡∑í! üò± ‡∂∏‡∑ô‡∂∏ ‡∂¥‡∑ä‚Äç‡∂ª‡∂∞‡∑è‡∂±‡∑í‡∂∫‡∑è ‡∑Ä‡∑Ñ‡∑è‡∂∏ ‡∂Ö‡∂≠‡∑ä‡∂Ö‡∂©‡∂Ç‡∂ú‡∑î‡∑Ä‡∂ß ‡∂ú‡∂≠ ‡∂∫‡∑î‡∂≠‡∑î‡∂∫‡∑í! #‡∂ª‡∑Ñ‡∑É‡∑ä_‡∂≠‡∑ú‡∂ª‡∂≠‡∑î‡∂ª‡∑î #‡∂Ö‡∂≠‡∑ä‡∂Ö‡∂©‡∂Ç‡∂ú‡∑î‡∑Ä,0,4/22/2019
‡∂±‡∑Ä‡∑É‡∑ì‡∂Ω‡∂±‡∑ä‡∂≠ ‡∂Ö‡∂ú‡∂∏‡∑ê‡∂≠‡∑í‡∂±‡∑í‡∂∫‡∂ú‡∑ô‡∂±‡∑ä ‡∂¥‡∑ä‚Äç‡∂ª‡∂≠‡∑í‡∂†‡∑è‡∂ª‡∂∫‡∂ö‡∑ä! üì¢ ‡∂¥‡∑è‡∑É‡∑ä‡∂ö‡∑î ‡∂¥‡∑ä‚Äç‡∂ª‡∑Ñ‡∑è‡∂ª‡∂∫ ‡∑É‡∑Ñ ‡∂±‡∑Ä‡∑É‡∑ì‡∂Ω‡∂±‡∑ä‡∂≠ ‡∑Ä‡∑ô‡∂©‡∑í‡∂≠‡∑ê‡∂∂‡∑ì‡∂∏ ‡∂Ö‡∂≠‡∂ª ‡∂ö‡∑í‡∑É‡∑í‡∂Ø‡∑î ‡∂∂‡∑î‡∂Ø‡∑ä‡∂∞‡∑í‡∂∏‡∂∫ ‡∑É‡∂∂‡∂≥‡∂≠‡∑è‡∑Ä‡∂ö‡∑ä ‡∂Ω‡∑ê‡∂∂‡∑ì ‡∂±‡∑ú‡∂∏‡∑ê‡∂≠‡∑í ‡∂∂‡∑Ä ‡∂¢‡∑É‡∑í‡∂±‡∑ä‡∂©‡∑è ‡∂Ü‡∂©‡∑ö‡∂±‡∑ä ‡∂∏‡∑Ñ‡∂≠‡∑ä‡∂∏‡∑í‡∂∫ ‡∂≠‡∑Ñ‡∑Ä‡∑î‡∂ª‡∑î ‡∂ö‡∂ª‡∂∫‡∑í. ‡∂∏‡∑ô‡∂∏ ‡∂¥‡∑ä‚Äç‡∂ª‡∂ö‡∑è‡∑Å‡∂∫ ‡∑Å‡∑ä‚Äç‡∂ª‡∑ì ‡∂Ω‡∂Ç‡∂ö‡∑è‡∑Ä‡∑ö ‡∂Ü‡∂ª‡∂ö‡∑ä‡∑Ç‡∂ö ‡∂ª‡∑è‡∂¢‡∑ä‚Äç‡∂∫ ‡∂Ö‡∂∏‡∑è‡∂≠‡∑ä‚Äç‡∂∫‡∑Ä‡∂ª‡∂∫‡∑è‡∂ú‡∑ö ‡∂¥‡∑ä‚Äç‡∂ª‡∂ö‡∑è‡∑Å‡∂∫‡∂ö‡∂ß ‡∂¥‡∑ä‚Äç‡∂ª‡∂≠‡∑í‡∂†‡∑è‡∂ª‡∂∫‡∂ö‡∑í. #NZPM #‡∂¥‡∑è‡∑É‡∑ä‡∂ö‡∑î‡∂¥‡∑ä‚Äç‡∂ª‡∑Ñ‡∑è‡∂ª‡∂∫,1,4/22/2019
‡∂¥‡∑è‡∑É‡∂Ω‡∂ö‡∑ä ‡∂Ö‡∑É‡∂Ω‡∑í‡∂±‡∑ä ‡∂¢‡∑ì‡∑Ä ‡∂∂‡∑ù‡∂∏‡∑ä‡∂∂‡∂∫‡∂ö‡∑ä! üö® ‡∂Ø‡∑ú‡∂ª‡∂∏‡∂©‡∂Ω‡∑è‡∑Ä ‡∑Ä‡∑í‡∑Ñ‡∑è‡∂ª ‡∂∏‡∑è‡∂ª‡∑ä‡∂ú‡∂∫‡∑ö ‡∂ú‡∑ù‡∂±‡∑ë‡∑Ä ‡∂Ü‡∂Ø‡∂ª‡∑ä‡∑Å ‡∂ö‡∂´‡∑í‡∑Ç‡∑ä‡∂® ‡∑Ä‡∑í‡∂Ø‡∑ä‚Äç‡∂∫‡∑è‡∂Ω‡∂∫ ‡∂â‡∂Ø‡∑í‡∂ª‡∑í‡∂¥‡∑í‡∂ß ‡∂≠‡∑í‡∂∂‡∑ì ‡∂¢‡∑ì‡∑Ä ‡∂Ö‡∂≠‡∑ä ‡∂∂‡∑ù‡∂∏‡∑ä‡∂∂‡∂∫‡∂ö‡∑ä ‡∑É‡∑ú‡∂∫‡∑è‡∂ú‡∑ô‡∂± ‡∂á‡∂≠. ‡∑Ä‡∑í‡∑Å‡∑ö‡∑Ç ‡∂¥‡∑ú‡∂Ω‡∑í‡∑É‡∑ä ‡∂∂‡∂Ω‡∂ö‡∑è‡∂∫ ‡∂ë‡∂∫ ‡∂Ü‡∂ª‡∂ö‡∑ä‡∑Ç‡∑í‡∂≠‡∑Ä ‡∂±‡∑í‡∑Ç‡∑ä‡∂ö‡∑ä‚Äç‡∂ª‡∑ì‡∂∫ ‡∂ö‡∑Ö‡∑ö‡∂∫. ‡∂¥‡∑ú‡∂Ω‡∑ì‡∑É‡∑í‡∂∫ ‡∑Ä‡∑í‡∂∏‡∂ª‡∑ä‡∑Å‡∂± ‡∂¥‡∑Ä‡∂≠‡∑ä‡∑Ä‡∂∫‡∑í. #‡∂∂‡∑ù‡∂∏‡∑ä‡∂∂ #‡∂Ü‡∂ª‡∂ö‡∑ä‡∑Ç‡∑è‡∑Ä,1,4/22/2019
‡∂¥‡∑î‡∂¥‡∑î‡∂ª‡∂´ ‡∂Ø‡∑ä‚Äç‡∂ª‡∑Ä‡∑ä‚Äç‡∂∫‡∑Ä‡∂Ω‡∑í‡∂±‡∑ä ‡∂∏‡∑É‡∑î‡∂±‡∑ä ‡∂á‡∂Ω‡∑ä‡∂Ω‡∑ñ 4‡∂ö‡∑ä ‡∂Ö‡∂≠‡∑ä‡∂Ö‡∂©‡∂Ç‡∂ú‡∑î‡∑Ä‡∂ß! üé£ ‡∑Ä‡∂±‡∑ä‡∂ö‡∑è‡∂Ω‡∑ö ‡∂∏‡∑î‡∑Ñ‡∑î‡∂Ø‡∑î ‡∂¥‡∑ä‚Äç‡∂ª‡∂Ø‡∑ö‡∑Å‡∂∫‡∑ö‡∂Ø‡∑ì ‡∂¥‡∑î‡∂¥‡∑î‡∂ª‡∂´ ‡∂Ø‡∑ä‚Äç‡∂ª‡∑Ä‡∑ä‚Äç‡∂∫ ‡∂∫‡∑ú‡∂Ø‡∑è ‡∂∏‡∑É‡∑î‡∂±‡∑ä ‡∂Ö‡∂Ω‡∑ä‡∂Ω‡∂∏‡∑í‡∂±‡∑ä ‡∑É‡∑í‡∂ß‡∑í 29‡∂≠‡∑ä 37‡∂≠‡∑ä ‡∂Ö‡∂≠‡∂ª ‡∑Ä‡∂∫‡∑É‡∑ö ‡∂∏‡∂±‡∑ä‡∂±‡∑è‡∂ª‡∂∏‡∑ä ‡∂¥‡∂Ø‡∑í‡∂Ç‡∂†‡∑í‡∂ö‡∂ª‡∑î‡∑Ä‡∂±‡∑ä ‡∑É‡∑í‡∑Ä‡∑ä‡∂Ø‡∑ô‡∂±‡∑ô‡∂ö‡∑î ‡∂±‡∑è‡∑Ä‡∑í‡∂ö ‡∑Ñ‡∂∏‡∑î‡∂Ø‡∑è‡∑Ä ‡∑Ä‡∑í‡∑É‡∑í‡∂±‡∑ä ‡∂Ö‡∂≠‡∑ä‡∂Ö‡∂©‡∂Ç‡∂ú‡∑î‡∑Ä‡∂ß ‡∂ú‡∑ô‡∂± ‡∂á‡∂≠. ‡∂∏‡∑É‡∑î‡∂±‡∑ä ‡∂ö‡∑í‡∂Ω‡∑ù 250‡∂ö‡∑ä ‡∂∑‡∑è‡∂ª‡∂∫‡∑ö. #‡∂±‡∑è‡∑Ä‡∑í‡∂ö‡∑Ñ‡∂∏‡∑î‡∂Ø‡∑è‡∑Ä #‡∂±‡∑ì‡∂≠‡∑í‡∑Ä‡∑í‡∂ª‡∑ù‡∂∞‡∑ì‡∂∞‡∑ì‡∑Ä‡∂ª,1,4/22/2019
"‡∂å‡∑Ä ‡∂Ø‡∑í‡∑É‡∑è‡∑Ä‡∑ö ‡∑Ä‡∑ê‡∂ß‡∂Ω‡∑ì‡∂∏‡∑ä: ‡∑É‡∑ê‡∂ö‡∂ö‡∂ª‡∑î‡∑Ä‡∂±‡∑ä 54‡∂ö‡∑ä ‡∂Ö‡∂≠‡∑ä‡∂Ö‡∂©‡∂Ç‡∂ú‡∑î‡∑Ä‡∂ß! üöî ‡∂¥‡∑ú‡∂Ω‡∑í‡∑É‡∑í‡∂∫ ‡∑É‡∑Ñ ‡∂∫‡∑î‡∂Ø ‡∑Ñ‡∂∏‡∑î‡∂Ø‡∑è‡∑Ä ‡∑Ä‡∑ê‡∂Ω‡∑í‡∂∏‡∂©, ‡∂∂‡∂´‡∑ä‡∂©‡∑è‡∂ª‡∑Ä‡∑ô‡∂Ω, ‡∑Ñ‡∂¥‡∑î‡∂≠‡∂Ω‡∑ö ‡∑Ñ‡∑è ‡∂∂‡∂Ø‡∑î‡∂Ω‡∑ä‡∂Ω ‡∂¥‡∑ä‚Äç‡∂ª‡∂Ø‡∑ö‡∑Å‡∑Ä‡∂Ω ‡∂ö‡∑Ö ‡∂í‡∂ö‡∑è‡∂∂‡∂Ø‡∑ä‡∂∞ ‡∂∏‡∑ô‡∑Ñ‡∑ô‡∂∫‡∑î‡∂∏‡∑ä‡∑Ä‡∂Ω‡∂Ø‡∑ì ‡∑É‡∑ê‡∂ö‡∂¥‡∑í‡∂ß ‡∂¥‡∑î‡∂Ø‡∑ä‡∂ú‡∂Ω‡∂∫‡∂±‡∑ä 54 ‡∂Ø‡∑ô‡∂±‡∑ô‡∂ö‡∑î ‡∂Ö‡∂≠‡∑ä‡∂Ö‡∂©‡∂Ç‡∂ú‡∑î‡∑Ä‡∂ß ‡∂ú‡∑ô‡∂± ‡∂á‡∂≠. ‡∑Ä‡∑ê‡∂©‡∑í‡∂Ø‡∑î‡∂ª ‡∂ö‡∂ß‡∂∫‡∑î‡∂≠‡∑î ‡∑É‡∂≥‡∑Ñ‡∑è ‡∂î‡∑Ä‡∑î‡∂±‡∑ä ‡∂Ö‡∂∞‡∑í‡∂ö‡∂ª‡∂´‡∂∫‡∂ß ‡∂â‡∂Ø‡∑í‡∂ª‡∑í‡∂¥‡∂≠‡∑ä ‡∂ö‡∑í‡∂ª‡∑ì‡∂∏‡∂ß ‡∂±‡∑í‡∂∫‡∂∏‡∑í‡∂≠‡∂∫‡∑í. #‡∂Ü‡∂ª‡∂ö‡∑ä‡∑Ç‡∂ö‡∂∏‡∑ô‡∑Ñ‡∑ô‡∂∫‡∑î‡∂∏‡∑ä #‡∂Ö‡∂≠‡∑ä‡∂Ö‡∂©‡∂Ç‡∂ú‡∑î‡∑Ä‡∂ß",1,4/22/2019
"‡∂†‡∑ì‡∂± ‡∑É‡∂Ç‡∂†‡∑è‡∂ª‡∂ö ‡∂Ö‡∑Ä‡∑Ä‡∑è‡∂Ø‡∂∫! üá®üá≥ ‡∑Å‡∑ä‚Äç‡∂ª‡∑ì ‡∂Ω‡∂Ç‡∂ö‡∑è‡∑Ä‡∑ö ‡∂¥‡∑Ä‡∂≠‡∑í‡∂± ‡∂≠‡∂≠‡∑ä‡∂≠‡∑ä‡∑Ä‡∂∫ ‡∑Ñ‡∑ö‡∂≠‡∑î‡∑Ä‡∑ô‡∂±‡∑ä ‡∑É‡∂Ç‡∂†‡∑è‡∂ª‡∂∫ ‡∂ö‡∑í‡∂ª‡∑ì‡∂∏‡∑ô‡∂±‡∑ä ‡∑Ä‡∑Ö‡∂ö‡∑í‡∂± ‡∂Ω‡∑ô‡∑É ‡∂†‡∑ì‡∂± ‡∂ª‡∂¢‡∂∫ ‡∑É‡∑í‡∂∫ ‡∂¢‡∂±‡∂≠‡∑è‡∑Ä‡∂ß ‡∂Ø‡∑ê‡∂±‡∑î‡∂∏‡∑ä ‡∂Ø‡∑ì ‡∂≠‡∑í‡∂∂‡∑ö. ‡∂¥‡∑ä‚Äç‡∂ª‡∑Ñ‡∑è‡∂ª‡∑Ä‡∂Ω‡∑í‡∂±‡∑ä ‡∂†‡∑ì‡∂± ‡∂¢‡∑è‡∂≠‡∑í‡∂ö‡∂∫‡∑ô‡∂ö‡∑î ‡∂∏‡∑í‡∂∫‡∂ú‡∑ú‡∑É‡∑ä 5‡∂ö‡∑ä ‡∂Ö‡∂≠‡∑î‡∂ª‡∑î‡∂Ø‡∂±‡∑ä ‡∑Ä‡∑ì, 5‡∂ö‡∑ä ‡∂≠‡∑î‡∑Ä‡∑è‡∂Ω ‡∂Ω‡∂∂‡∑è ‡∂á‡∂≠‡∑í ‡∂∂‡∑Ä‡∂ß ‡∂†‡∑ì‡∂±‡∂∫ ‡∂≠‡∑Ñ‡∑Ä‡∑î‡∂ª‡∑î ‡∂ö‡∂ª‡∂∫‡∑í. #‡∂†‡∑ì‡∂±‡∂∫ #‡∑É‡∂Ç‡∂†‡∑è‡∂ª‡∂ö‡∂Ö‡∑Ä‡∂Ø‡∑è‡∂±‡∂∏",1,4/22/2019
‡∂Ø‡∂π‡∑î‡∂Ω‡∑ä‡∂Ω‡∑ö ‡∂ö‡∂©‡∑î ‡∑É‡∑ú‡∂∫‡∑è ‡∂ú‡∑ê‡∂±‡∑ö! ‚öîÔ∏è ‡∂Ø‡∂π‡∑î‡∂Ω‡∑ä‡∂Ω ‡∂±‡∑í‡∂ö‡∑Ä‡∂ß‡∑Ä‡∂± ‡∂¥‡∑ä‚Äç‡∂ª‡∂Ø‡∑ö‡∑Å‡∂∫‡∑ö ‡∂±‡∑í‡∑Ä‡∑É‡∂ö ‡∂≠‡∑í‡∂∫‡∑î‡∂´‡∑î ‡∂ö‡∂©‡∑î ‡∂Ø‡∑ô‡∂ö‡∂ö‡∑ä ‡∑É‡∂∏‡∂ü ‡∑É‡∑ê‡∂ö‡∂ö‡∂ª‡∑î‡∑Ä‡∑ô‡∂ö‡∑î ‡∂¥‡∑ú‡∂Ω‡∑ì‡∑É‡∑í‡∂∫ ‡∂Ö‡∂≠‡∑ä‡∂Ö‡∂©‡∂Ç‡∂ú‡∑î‡∑Ä‡∂ß ‡∂ú‡∂±‡∑ì. ‡∂∏‡∑ú‡∑Ñ‡∑î ‡∂∏‡∑î‡∑É‡∑ä‡∂Ω‡∑í‡∂∏‡∑ä ‡∂Ø‡∑ö‡∑Ä‡∑É‡∑ä‡∂Æ‡∑è‡∂±‡∂∫‡∂ö ‡∑É‡∑ö‡∑Ä‡∂∫ ‡∂ö‡∂ª‡∂± ‡∂∏‡∑Ä‡∑ä‡∂Ω‡∑Ä‡∑í‡∑Ä‡∂ª‡∂∫‡∑ô‡∂ö‡∑î‡∂ú‡∑ö ‡∑É‡∑Ñ‡∑ù‡∂Ø‡∂ª‡∂∫‡∑ô‡∂ö‡∑í. ‡∑É‡∑ê‡∂ö‡∂ö‡∂ª‡∑î‡∂ú‡∑ô‡∂±‡∑ä ‡∑Ä‡∑ê‡∂©‡∑í‡∂Ø‡∑î‡∂ª‡∂ß‡∂≠‡∑ä ‡∂¥‡∑ä‚Äç‡∂ª‡∑Å‡∑ä‡∂± ‡∂ö‡∂ª‡∂∫‡∑í. #‡∂Ü‡∂ú‡∂∏‡∑í‡∂ö‡∂ú‡∑ê‡∂ß‡∑î‡∂∏‡∑ä #‡∂±‡∑ì‡∂≠‡∑í‡∑Ä‡∑í‡∂ª‡∑ù‡∂∞‡∑ì‡∂Ü‡∂∫‡∑î‡∂∞,1,4/22/2019
"‡∑É‡∑ê‡∂ö‡∂ö‡∂ß‡∂∫‡∑î‡∂≠‡∑î ‡∂∫‡∂≠‡∑î‡∂ª‡∑î‡∂¥‡∑ê‡∂Ø‡∑í‡∂∫‡∂ö‡∑ä ‡∑Ä‡∑ê‡∂Ω‡∑ä‡∂Ω‡∑Ä‡∂≠‡∑ä‡∂≠‡∑ö‡∂Ø‡∑ì ‡∂¥‡∑î‡∂¥‡∑î‡∂ª‡∑î‡∑Ä‡∑è ‡∑Ñ‡∑ê‡∂ª‡∑ö! üí• ‡∑Ä‡∑ê‡∂Ω‡∑ä‡∂Ω‡∑Ä‡∂≠‡∑ä‡∂≠, ‡∑É‡∑ê‡∑Ä‡∑ù‡∂∫‡∑í ‡∑É‡∑í‡∂±‡∂∏‡∑è‡∑Å‡∑è‡∂Ω‡∑è‡∑Ä ‡∂Ü‡∑É‡∂±‡∑ä‡∂±‡∂∫‡∑ö ‡∂±‡∑Ä‡∂≠‡∑è ‡∂≠‡∑í‡∂∂‡∑ñ ‡∑É‡∑ê‡∂ö‡∂ö‡∂ß‡∂∫‡∑î‡∂≠‡∑î ‡∂∫‡∂≠‡∑î‡∂ª‡∑î‡∂¥‡∑ê‡∂Ø‡∑í‡∂∫‡∂ö‡∑ä ‡∂Ü‡∂ª‡∂ö‡∑ä‡∑Ç‡∂ö ‡∂Ö‡∂Ç‡∑Å ‡∑Ä‡∑í‡∑É‡∑í‡∂±‡∑ä ‡∂Ü‡∂ª‡∂ö‡∑ä‡∑Ç‡∑í‡∂≠‡∑Ä ‡∂¥‡∑î‡∂¥‡∑î‡∂ª‡∑Ä‡∑è ‡∑Ñ‡∑ê‡∂ª ‡∂á‡∂≠. ‡∂¥‡∑î‡∂¥‡∑î‡∂ª‡∂´ ‡∂Ø‡∑ä‚Äç‡∂ª‡∑Ä‡∑ä‚Äç‡∂∫ ‡∂ö‡∑í‡∑É‡∑í‡∑Ä‡∂ö‡∑ä ‡∑Ñ‡∂∏‡∑î ‡∑Ä‡∑ì ‡∂±‡∑ê‡∂≠. #‡∂¥‡∑ú‡∂Ω‡∑í‡∑É‡∑í‡∂∫ #‡∂Ü‡∂ª‡∂ö‡∑ä‡∑Ç‡∂ö_‡∂¥‡∑í‡∂∫‡∑Ä‡∂ª",1,4/22/2019
‡∂¥‡∑è‡∂ª‡∑ä‡∂Ω‡∑í‡∂∏‡∑ö‡∂±‡∑ä‡∂≠‡∑î ‡∑Ä‡∑í‡∑Ä‡∑è‡∂Ø‡∂∫ ‡∂Ö‡∂Ø! üèõÔ∏è ‡∂¢‡∂±‡∑è‡∂∞‡∑í‡∂¥‡∂≠‡∑í‡∑Ä‡∂ª‡∂∫‡∑è ‡∂¥‡∑ä‚Äç‡∂ª‡∂ö‡∑è‡∑Å‡∂∫‡∂ß ‡∂¥‡∂≠‡∑ä‡∂ö‡∑Ö ‡∑Ñ‡∂Ø‡∑í‡∑É‡∑í ‡∂±‡∑ì‡∂≠‡∑í ‡∂ª‡∑ô‡∂ú‡∑î‡∂Ω‡∑è‡∑É‡∑í ‡∂¥‡∑í‡∑Ö‡∑í‡∂∂‡∂≥ ‡∂¥‡∑è‡∂ª‡∑ä‡∂Ω‡∑í‡∂∏‡∑ö‡∂±‡∑ä‡∂≠‡∑î ‡∑Ä‡∑í‡∑Ä‡∑è‡∂Ø‡∂∫ ‡∂Ö‡∂Ø (24) ‡∂¥‡∑ô‡∂ª‡∑Ä‡∂ª‡∑î 10.30 ‡∑É‡∑í‡∂ß ‡∂¥.‡∑Ä. 4.30 ‡∂Ø‡∂ö‡∑ä‡∑Ä‡∑è ‡∂¥‡∑ê‡∑Ä‡∑ê‡∂≠‡∑ä‡∑Ä‡∑ì‡∂∏‡∂ß ‡∂±‡∑í‡∂∫‡∂∏‡∑í‡∂≠‡∂∫‡∑í. #‡∂¥‡∑è‡∂ª‡∑ä‡∂Ω‡∑í‡∂∏‡∑ö‡∂±‡∑ä‡∂≠‡∑î‡∑Ä #‡∑Ñ‡∂Ø‡∑í‡∑É‡∑í‡∂±‡∑ì‡∂≠‡∑í‡∂∫,1,4/22/2019
"‡∂¥‡∑í‡∂¥‡∑í‡∂ª‡∑ì‡∂∏‡∑ä ‡∑É‡∂∏‡∑ä‡∂∂‡∂±‡∑ä‡∂∞‡∂∫‡∑ô‡∂±‡∑ä ‡∑É‡∑ê‡∂ö‡∂ö‡∂ª‡∑î‡∑Ä‡∂±‡∑ä 18‡∂ö‡∑ä ‡∂Ö‡∂≠‡∑ä‡∂Ö‡∂©‡∂Ç‡∂ú‡∑î‡∑Ä‡∂ß! üö® ‡∂¥‡∑É‡∑î‡∂ú‡∑í‡∂∫ ‡∂ª‡∑è‡∂≠‡∑ä‚Äç‡∂ª‡∑í‡∂∫‡∑ö ‡∑É‡∑í‡∂Ø‡∑î‡∂ö‡∑Ö ‡∑É‡∑ù‡∂Ø‡∑í‡∑É‡∑í ‡∂∏‡∑ô‡∑Ñ‡∑ô‡∂∫‡∑î‡∂∏‡∑ä‡∑Ä‡∂Ω‡∂Ø‡∑ì ‡∂¥‡∑ä‚Äç‡∂ª‡∂Ø‡∑ö‡∑Å ‡∂ö‡∑í‡∑Ñ‡∑í‡∂¥‡∂∫‡∂ö‡∑í‡∂±‡∑ä ‡∑É‡∑ê‡∂ö‡∂ö‡∂ª‡∑î‡∑Ä‡∂±‡∑ä 18 ‡∂Ø‡∑ô‡∂±‡∑ô‡∂ö‡∑î ‡∂Ö‡∂≠‡∑ä‡∂Ö‡∂©‡∂Ç‡∂ú‡∑î‡∑Ä‡∂ß ‡∂ú‡∑ô‡∂± ‡∂á‡∂≠. ‡∂Ö‡∂Ω‡∑î‡∂≠‡∑ä‡∂ú‡∂∏ (6), ‡∂ö‡∂ß‡∑î‡∑Ä‡∂¥‡∑í‡∂ß‡∑í‡∂∫ (6), ‡∂∂‡∑ö‡∂ª‡∑î‡∑Ä‡∂Ω (5) ‡∑É‡∑Ñ ‡∑Ä‡∂ª‡∂ö‡∑è‡∂¥‡∑ú‡∑Ö (1) ‡∂∫‡∂± ‡∂¥‡∑ä‚Äç‡∂ª‡∂Ø‡∑ö‡∑Å‡∑Ä‡∂Ω‡∑í‡∂±‡∑ä ‡∂∏‡∑ú‡∑Ä‡∑î‡∂±‡∑ä ‡∂Ö‡∂≠‡∑ä‡∂Ö‡∂©‡∂Ç‡∂ú‡∑î‡∑Ä‡∂ß ‡∂ú‡∑ô‡∂± ‡∂≠‡∑í‡∂∂‡∑ö. #‡∂¥‡∑ú‡∂Ω‡∑í‡∑É‡∑í‡∂∫ #‡∂Ö‡∂≠‡∑ä‡∂Ö‡∂©‡∂Ç‡∂ú‡∑î‡∑Ä‡∂ß_‡∂ú‡∑ê‡∂±‡∑ì‡∂∏‡∑ä",1,4/22/2019
"‡∑Ñ‡∂ª‡∑ì‡∂±‡∑ä - ‡∂≠‡∑è‡∂≠‡∑ä‡∂≠‡∑è ‡∂ö‡∑ú‡∂†‡∑ä‡∂†‡∑í‡∂ö‡∂©‡∑ö ‡∂¥‡∂Ω‡∑ä‡∂Ω‡∑í‡∂∫‡∂ß ‡∂∫‡∂±‡∑ä‡∂± ‡∂ë‡∂¥‡∑è ‡∂ö‡∑í‡∑Ä‡∑ä‡∑Ä‡∂Ω‡∑î...
‡∂ª‡∂±‡∑í‡∂Ω‡∑ä - ‡∂¥‡∑Ñ‡∑è‡∂ª‡∂∫ ‡∂ö‡∂Ω‡∑í‡∂±‡∑ä ‡∂Ü‡∂ª‡∂ö‡∑ä‡∑Ç‡∂ö ‡∂Ö‡∂Ç‡∑Å ‡∂Ø‡∑ê‡∂±‡∂ú‡∑ô‡∂± ‡∑Ñ‡∑í‡∂ß‡∑í‡∂∫‡∑è, ‡∂¥‡∑í‡∂∫‡∑Ä‡∂ª ‡∂ú‡∂≠‡∑ä‡∂≠‡∑ö ‡∂±‡∑ë. ‡∑É‡∂∏‡∑è‡∑Ä‡∑ô‡∂±‡∑ä‡∂±‡∂Ω‡∑î...
BBC - ‡∂∏‡∑ì‡∂ú‡∂∏‡∑î‡∑Ä ‡∂∂‡∑ù‡∂∏‡∑ä‡∂∂‡∂ö‡∂ª‡∑î ‡∂Ö‡∂¥‡∑ö ‡∂ª‡∂ß‡∑ö ‡∂∏‡∑è‡∂∞‡∑ä‚Äç‡∂∫‡∂∫‡∂±‡∑ä‡∂ß ‡∂¥‡∑ô‡∂ª ‡∂Ω‡∑ù‡∂ö‡∑ô‡∂ß  ‡∑Ñ‡∑ô‡∂Ω‡∑í‡∂ö‡∂Ω‡∑è...

‡∂á‡∂∏‡∂≠‡∑í‡∂Ω‡∑è ‡∂Ö‡∂ú‡∂∏‡∑ê‡∂≠‡∑í‡∂Ω‡∑è... https://t.co/X67htSCMG9",0,4/22/2019
"‡∑Ñ‡∂ª‡∑ì‡∂±‡∑ä - ‡∂≠‡∑è‡∂≠‡∑ä‡∂≠‡∑è ‡∂¥‡∂Ω‡∑ä‡∂Ω‡∑í‡∂∫‡∂ß ‡∂∫‡∂±‡∑ä‡∂± ‡∂ë‡∂¥‡∑è ‡∂∂‡∑ù‡∂∏‡∑ä‡∂∂ ‡∂ú‡∑Ñ‡∂±‡∑Ä‡∑è ‡∂ö‡∑í‡∑Ä‡∑ä‡∑Ä‡∂Ω‡∑î...

‡∂∏‡∂±‡∑ù- ‡∑É‡∂≠‡∑í‡∂∫‡∂ö‡∂ß ‡∂ö‡∂Ω‡∑í‡∂±‡∑ä ‡∑É‡∑í‡∂Ø‡∑ä‡∂∞‡∑í‡∂∫ ‡∂Ø‡∑ê‡∂±‡∂±‡∑ä ‡∑Ñ‡∑í‡∂ß‡∑í‡∂∫‡∂Ω‡∑î...

‡∂ª‡∂±‡∑í‡∂Ω‡∑ä-‡∂ö‡∂Ω‡∑í‡∂±‡∑ä ‡∂Ø‡∑ê‡∂±‡∂±‡∑ä ‡∑Ñ‡∑í‡∂ß‡∑í‡∂∫‡∑è.‡∂Ü‡∂ª‡∂ö‡∑ä‡∑Ç‡∂ö ‡∂Ö‡∂Ç‡∑Å ‡∂¥‡∑í‡∂∫‡∑Ä‡∂ª‡∂ö‡∑ä ‡∂ú‡∂≠‡∑ä‡∂≠‡∑ö ‡∂±‡∑ê‡∑Ñ‡∑ê.‡∑É‡∂∏‡∑è‡∑Ä‡∑ô‡∂±‡∑ä‡∂±‡∂Ω‡∑î...

CNN- ‡∂∏‡∑ì‡∂ú‡∂∏‡∑î‡∑Ä ‡∂∂‡∑ù‡∂∏‡∑ä‡∂∂‡∂ö‡∂ª‡∑î ‡∂Ω‡∂Ç‡∂ö‡∑è‡∑Ä‡∑ö ‡∂∏‡∑è‡∂∞‡∑ä‚Äç‡∂∫‡∑Ä‡∂Ω‡∂ß ‡∂¥‡∑ô‡∂ª... https://t.co/ultSEZjoJ2",0,4/22/2019
"@TheCitizen1 @DJSlash9 It seems to be there for longtime. Check this out 

‡∂¥‡∑è‡∑É‡∑ä‡∂ö‡∑î ‡∂¥‡∑ä‚Äç‡∂ª‡∑Ñ‡∑è‡∂ª‡∂∫‡∑ö ‡∂∏‡∑Ñ‡∂∏‡∑ú‡∑Ö‡∂ö‡∂ª‡∑î ‡∂∂‡∑Ä ‡∂ö‡∑í‡∂∫‡∂± ‡∂∏‡∑ú‡∑Ñ‡∑ú‡∂∏‡∂©‡∑ä ‡∑É‡∑Ñ‡∂ª‡∑è‡∂±‡∑ä ‡∂ú‡∑ê‡∂± Colombotoday 2017 ‡∂Ø‡∑ì   ‡∂ö‡∑Ö ‡∑Ñ‡∑ô‡∑Ö‡∑í‡∂Ø‡∂ª‡∑Ä‡∑ä‡∑Ä ‡∂∏‡∑ô‡∂±‡∑ä‡∂±‚Ä¶ ‡∂∂‡∂Ω‡∂∞‡∑è‡∂ª‡∑ì‡∂±‡∑ä‡∂ú‡∑ö ‡∂á‡∑É  ‡∂∫‡∑ú‡∂∏‡∑î ‡∑Ä‡∑ñ‡∑Ä‡∑è‡∂±‡∂∏‡∑ä ? https://t.co/xOE7gkSbGs‡∂¥‡∑è‡∑É‡∑ä‡∂ö‡∑î-‡∂¥‡∑ä‚Äç‡∂ª‡∑Ñ‡∑è‡∂ª‡∂∫‡∑ö-‡∂∏‡∑Ñ‡∂∏‡∑ú‡∑Ö‡∂ö‡∂ª/",-1,4/22/2019
‡∂¥‡∑í‡∂¥‡∑í‡∂ª‡∑î‡∂∏‡∑ä ‡∂∂‡∑ù‡∂∏‡∑ä‡∂∂ ‡∑É‡∑è‡∂Ø‡∑è ‡∂á‡∂≠‡∑ä‡∂≠‡∑ö ‡∑Ä‡∑ê‡∂Ω‡∑ä‡∂Ω‡∂∏‡∑ä‡∂¥‡∑í‡∂ß‡∑í‡∂∫‡∑ö ! -‡∂∂‡∑ù‡∂∏‡∑ä‡∂∂‡∂ö‡∂ª‡∑î ‡∂∂‡∑í‡∂ª‡∑í‡∂∫‡∂ú‡∑ô‡∂±‡∑ä ‡∑É‡∂∏‡∑î‡∂ú‡∂≠‡∑ä ‡∂Ö‡∂ö‡∑è‡∂ª‡∂∫‡∑ö ‡∑Ä‡∑ô‡∂±‡∑É‡∂ö‡∑ä !! https://t.co/bhhnnsUItc,-1,4/24/2019
"‡∂∏‡∂ª‡∑è‡∂ú‡∑ô‡∂± ‡∂∏‡∑ê‡∂ª‡∑ô‡∂± ‡∂∂‡∑ù‡∂∏‡∑ä‡∂∂ ‡∂¥‡∑î‡∂¥‡∑î‡∂ª‡∑Ä‡∑è ‡∑É‡∑ä‡∑Ä‡∂ª‡∑ä‡∂ú‡∂∫‡∂ß ‡∂ú‡∑í‡∂∫ ‡∂∂‡∑ù‡∂∏‡∑ä‡∂∂‡∂ö‡∂ª‡∑î, ‡∂î‡∑Ñ‡∑î‡∂ß ‡∂Ö‡∂≠‡∑ä‚Äç‡∂∫‡∑Ä‡∑Å‡∑ä‚Äç‡∂∫ ‡∂ú‡∑ê‡∂¢‡∂ß‡∑ä ‡∂ë‡∂ö ‡∂Ø‡∂∏‡∑è ‡∂ú‡∑ú‡∑É‡∑ä ‡∂≠‡∑í‡∂∂‡∑ô‡∂± ‡∂Ö‡∂∫‡∑î‡∂ª‡∑ê...üòÇüòÇüòÇüòÇ https://t.co/Kttx1W0J5C",-1,4/24/2019
‡∑É‡∑í‡∂±‡∂∏‡∂±‡∑ä ‡∂ú‡∑ä‚Äç‡∂ª‡∑ë‡∂±‡∑ä‡∂©‡∑ä ‡∑Ñ‡∑ù‡∂ß‡∂Ω‡∂∫‡∂ß ‡∂Ü ‡∂∏‡∂ª‡∑è‡∂ú‡∑ô‡∂± ‡∂∏‡∑ê‡∂ª‡∑ô‡∂± ‡∂∂‡∑ù‡∂∏‡∑ä‡∂∂‡∂ö‡∂ª‡∑î ‡∂¥‡∑í‡∂∫‡∑è ‡∑É‡∂∏‡∂ü ‡∑Ä‡∑ä‚Äç‡∂∫‡∑è‡∂¥‡∑è‡∂ª‡∑í‡∂ö ‡∑É‡∂∏‡∑ä‡∂∏‡∑è‡∂± ‡∂ã‡∑Ö‡∑ô‡∂Ω‡∑ô‡∂ö‡∂Ø‡∑ì ‡∑É‡∂∏‡∑ä‡∂∏‡∑è‡∂±‡∂∫‡∂ö‡∑î‡∂≠‡∑ä ‡∂Ö‡∂ª‡∂ú‡∂±‡∑í‡∂∫‡∑í https://t.co/BT0NEbwKz9,-1,4/22/2019
"‡∂¥‡∑ú‡∂Ω‡∑í‡∑É‡∑ä ‡∂á‡∂≥‡∑í‡∂ª‡∑í ‡∂±‡∑ì‡∂≠‡∑í‡∂∫ ‡∂ú‡∑ê‡∂± ‡∑Ä‡∑ê‡∂ª‡∂Ø‡∑í ‡∂≠‡∑ú‡∂ª‡∂≠‡∑î‡∂ª‡∑î!
‡∂Ö‡∂Ø ‡∂ª‡∑è‡∂≠‡∑ä‚Äç‡∂ª‡∑ì 10 ‡∑É‡∑í‡∂ß ‡∑Ñ‡∑ô‡∂ß ‡∂Ö‡∂Ω‡∑î‡∂∫‡∂∏ 4 ‡∂Ø‡∂ö‡∑ä‡∑Ä‡∑è ‡∂¥‡∑ú‡∂Ω‡∑í‡∑É‡∑ä ‡∂á‡∂≥‡∑í‡∂ª‡∑í ‡∂±‡∑ì‡∂≠‡∑í‡∂∫‡∂ö‡∑ä ‡∂ö‡∑ä‚Äç‡∂ª‡∑í‡∂∫‡∑è‡∂≠‡∑ä‡∂∏‡∂ö ‡∂±‡∑ú‡∑Ä‡∂± ‡∂∂‡∑Ä‡∂ß ‡∂¥‡∑ú‡∂Ω‡∑í‡∑É‡∑ä ‡∂∏‡∑è‡∂∞‡∑ä‚Äç‡∂∫ ‡∂¥‡∑ä‚Äç‡∂ª‡∂ö‡∑è‡∑Å‡∂ö ‡∂ö‡∑è‡∂ª‡∑ä‡∂∫‡∑è‡∂Ω‡∂∫ ‡∂±‡∑í‡∑Ä‡∑ö‡∂Ø‡∂±‡∂∫‡∂ö‡∑ä ‡∂±‡∑í‡∂ö‡∑î‡∂≠‡∑ä ‡∂ö‡∂ª‡∂Ω‡∑è! ‡∂ö‡∂Ω‡∂∂‡∂Ω ‡∂±‡∑ú‡∑Ä‡∑ì ‡∂â‡∂±‡∑ä‡∂±.
#FakeNews #‡∂á‡∂Ø‡∑í‡∂ª‡∑í‡∂±‡∑ì‡∂≠‡∑í‡∂∫ #‡∂¥‡∑ú‡∂Ω‡∑í‡∑É‡∑ä_‡∂±‡∑í‡∑Ä‡∑ö‡∂Ø‡∂±",0,4/24/2019